payment_id,order_id,payment_method,payment_status,payment_date
1,1957,Bank Transfer,Completed,2024-12-20
2,1895,Bank Transfer,Completed,2024-07-15
3,1680,Cash,Completed,2024-06-30
4,246,Cash,Completed,2024-04-18
5,572,PayPal,Completed,2024-06-12
6,1298,Bank Transfer,Completed,2024-10-03
7,112,Bank Transfer,Completed,2024-12-05
8,1504,Credit Card,Completed,2025-02-22
9,1703,Cash,Pending,2024-04-07
10,529,Credit Card,Completed,2024-07-27
11,1575,PayPal,Completed,2025-01-04
12,2222,Credit Card,Completed,2025-01-01
13,783,Bank Transfer,Completed,2024-05-13
14,1243,Bank Transfer,Failed,2024-10-07
15,1774,Credit Card,Failed,2024-08-09
16,621,Bank Transfer,Completed,2025-01-12
17,260,PayPal,Completed,2024-11-11
18,490,Bank Transfer,Completed,2024-04-24
19,1782,PayPal,Completed,2025-03-14
20,2191,Credit Card,Completed,2024-05-10
21,1041,Credit Card,Completed,2024-08-23
22,531,Bank Transfer,Pending,2024-07-23
23,2272,Credit Card,Completed,2024-05-04
24,125,Cash,Completed,2025-02-04
25,964,Cash,Failed,2025-02-08
26,1050,Bank Transfer,Completed,2025-01-29
27,450,PayPal,Completed,2024-04-16
28,1572,Bank Transfer,Completed,2024-10-15
29,451,Bank Transfer,Completed,2024-08-06
30,594,Credit Card,Completed,2024-10-05
31,2374,PayPal,Completed,2024-11-29
32,2333,Credit Card,Completed,2025-03-11
33,312,Cash,Completed,2024-07-17
34,1199,PayPal,Completed,2024-11-27
35,2128,Bank Transfer,Completed,2024-08-16
36,1443,Bank Transfer,Completed,2024-12-05
37,1005,Bank Transfer,Completed,2024-10-28
38,88,PayPal,Completed,2024-10-10
39,1694,Credit Card,Completed,2024-04-27
40,297,Cash,Completed,2024-08-21
41,457,Bank Transfer,Completed,2025-01-12
42,659,PayPal,Completed,2024-05-19
43,99,Credit Card,Completed,2024-07-01
44,112,Cash,Pending,2024-08-01
45,757,PayPal,Completed,2024-05-06
46,480,Credit Card,Completed,2025-01-07
47,1264,Bank Transfer,Completed,2024-06-11
48,612,Cash,Completed,2024-05-13
49,344,PayPal,Completed,2025-01-03
50,656,Credit Card,Completed,2024-07-15
51,1004,Credit Card,Completed,2024-08-08
52,501,Credit Card,Completed,2024-12-21
53,1034,Bank Transfer,Completed,2024-12-18
54,1485,Bank Transfer,Completed,2024-05-11
55,478,Cash,Completed,2024-12-08
56,1083,Cash,Completed,2024-08-08
57,1642,PayPal,Completed,2024-09-09
58,1156,Credit Card,Completed,2024-05-24
59,1339,Credit Card,Completed,2024-06-16
60,2005,Bank Transfer,Completed,2024-11-26
61,261,Cash,Completed,2024-09-26
62,2031,Cash,Completed,2024-06-25
63,165,PayPal,Completed,2025-01-01
64,362,Credit Card,Completed,2024-06-22
65,577,Cash,Completed,2024-11-05
66,2161,Bank Transfer,Pending,2024-10-26
67,1372,Cash,Completed,2024-04-05
68,1908,Bank Transfer,Completed,2024-07-29
69,2040,Bank Transfer,Completed,2024-10-27
70,1107,Bank Transfer,Completed,2024-12-22
71,2319,PayPal,Completed,2024-04-28
72,2399,PayPal,Completed,2025-02-07
73,2311,PayPal,Completed,2024-12-17
74,1221,Credit Card,Completed,2025-01-18
75,153,PayPal,Completed,2025-01-05
76,503,PayPal,Pending,2024-05-31
77,1802,Cash,Completed,2024-07-12
78,3,Credit Card,Completed,2024-10-11
79,2107,Bank Transfer,Completed,2024-09-06
80,2430,Cash,Completed,2024-05-30
81,1535,Credit Card,Completed,2024-12-08
82,1407,Cash,Completed,2024-05-29
83,1797,PayPal,Pending,2024-06-08
84,948,Cash,Completed,2024-05-06
85,687,Bank Transfer,Completed,2024-04-04
86,815,Cash,Completed,2024-11-23
87,1263,PayPal,Pending,2024-03-23
88,2474,PayPal,Pending,2024-08-04
89,2124,PayPal,Completed,2024-03-23
90,438,Credit Card,Completed,2024-05-12
91,1669,Credit Card,Completed,2025-02-08
92,298,Bank Transfer,Completed,2024-10-03
93,508,Cash,Completed,2025-02-06
94,2207,Credit Card,Completed,2025-01-14
95,1595,Credit Card,Completed,2024-08-22
96,799,Credit Card,Completed,2024-08-28
97,916,Credit Card,Completed,2024-08-14
98,2241,Bank Transfer,Completed,2024-10-12
99,2035,Cash,Completed,2025-03-15
100,863,PayPal,Completed,2025-01-15
101,683,Cash,Completed,2024-05-07
102,671,Credit Card,Completed,2024-03-24
103,2136,PayPal,Completed,2024-10-11
104,988,Credit Card,Completed,2024-07-04
105,1943,Bank Transfer,Completed,2024-07-15
106,550,Cash,Completed,2024-10-26
107,2046,PayPal,Completed,2025-03-20
108,1487,PayPal,Completed,2024-09-15
109,1542,Bank Transfer,Completed,2025-02-07
110,86,PayPal,Failed,2024-11-06
111,166,Cash,Completed,2024-07-25
112,584,PayPal,Pending,2024-12-07
113,185,Credit Card,Completed,2024-04-05
114,2055,Bank Transfer,Completed,2024-11-29
115,625,Bank Transfer,Completed,2024-07-23
116,2111,Credit Card,Failed,2024-09-11
117,1347,Credit Card,Pending,2024-07-04
118,2185,Bank Transfer,Completed,2024-08-06
119,149,Bank Transfer,Completed,2025-01-10
120,702,PayPal,Completed,2024-11-05
121,1702,PayPal,Completed,2024-10-05
122,1628,Cash,Completed,2024-03-23
123,1529,Credit Card,Completed,2024-10-27
124,804,Cash,Completed,2024-05-15
125,2214,Bank Transfer,Completed,2025-01-22
126,2344,Bank Transfer,Completed,2024-05-09
127,1945,Cash,Completed,2024-07-31
128,1764,Credit Card,Pending,2024-05-06
129,597,Bank Transfer,Completed,2024-08-15
130,1266,Credit Card,Failed,2024-12-16
131,2286,Cash,Completed,2024-07-16
132,916,Credit Card,Completed,2024-04-17
133,1841,Credit Card,Pending,2024-08-07
134,303,Bank Transfer,Pending,2024-08-19
135,1195,PayPal,Completed,2024-07-09
136,507,Credit Card,Completed,2024-08-31
137,125,Credit Card,Completed,2024-06-18
138,1871,Bank Transfer,Completed,2024-11-05
139,727,Credit Card,Pending,2024-09-03
140,1069,Bank Transfer,Completed,2024-08-05
141,1454,Cash,Completed,2025-02-14
142,1467,Cash,Completed,2025-03-15
143,1533,Cash,Completed,2024-07-08
144,1678,Bank Transfer,Completed,2024-05-23
145,1199,Credit Card,Completed,2025-01-25
146,1588,Bank Transfer,Completed,2024-09-30
147,1035,Bank Transfer,Completed,2024-04-11
148,2074,Cash,Completed,2024-03-30
149,935,Cash,Pending,2025-01-21
150,564,PayPal,Completed,2024-04-21
151,21,Bank Transfer,Completed,2025-02-28
152,2179,PayPal,Completed,2025-01-03
153,855,Cash,Completed,2024-09-04
154,40,Bank Transfer,Completed,2024-09-15
155,812,Bank Transfer,Completed,2025-02-11
156,2308,Credit Card,Completed,2024-11-08
157,752,PayPal,Completed,2025-03-19
158,1084,Credit Card,Completed,2024-11-28
159,1040,Credit Card,Completed,2024-04-22
160,545,PayPal,Completed,2024-05-11
161,497,Cash,Completed,2024-06-03
162,18,Credit Card,Completed,2024-11-23
163,1321,Bank Transfer,Completed,2024-10-05
164,373,Credit Card,Pending,2024-10-22
165,1763,Bank Transfer,Completed,2024-12-30
166,1655,PayPal,Completed,2024-12-24
167,713,PayPal,Completed,2024-12-17
168,1955,Bank Transfer,Completed,2024-08-26
169,1665,Bank Transfer,Completed,2024-07-19
170,1946,PayPal,Completed,2024-04-13
171,2011,Cash,Completed,2024-08-29
172,167,Cash,Completed,2024-11-02
173,1355,Credit Card,Completed,2025-02-05
174,1754,Credit Card,Completed,2024-08-27
175,89,Credit Card,Completed,2024-09-23
176,1430,Bank Transfer,Completed,2024-08-29
177,2174,Cash,Completed,2024-10-14
178,1914,Credit Card,Pending,2024-11-03
179,835,Credit Card,Failed,2024-10-07
180,121,PayPal,Completed,2025-01-26
181,2249,Bank Transfer,Completed,2024-11-20
182,2193,Credit Card,Completed,2024-07-19
183,2187,Credit Card,Pending,2025-01-28
184,1795,Bank Transfer,Completed,2024-11-11
185,1648,Cash,Completed,2024-06-27
186,37,PayPal,Completed,2024-12-11
187,1804,Bank Transfer,Completed,2024-05-31
188,849,Cash,Completed,2024-09-17
189,2012,PayPal,Completed,2024-04-27
190,1096,PayPal,Completed,2024-06-10
191,747,Cash,Completed,2024-12-16
192,62,Cash,Completed,2024-08-24
193,2338,PayPal,Completed,2024-08-11
194,2095,Bank Transfer,Completed,2025-02-24
195,1925,Bank Transfer,Completed,2025-03-17
196,1898,Cash,Completed,2024-08-02
197,86,Cash,Completed,2024-05-06
198,890,Cash,Pending,2024-09-29
199,251,PayPal,Pending,2024-05-23
200,16,Credit Card,Completed,2024-06-29
201,1619,Cash,Completed,2024-11-06
202,2132,Cash,Completed,2024-09-25
203,1362,Cash,Completed,2025-02-06
204,2420,PayPal,Failed,2024-10-18
205,2233,PayPal,Completed,2024-09-16
206,1041,Cash,Completed,2024-06-05
207,1532,Cash,Completed,2024-10-14
208,328,Bank Transfer,Pending,2024-05-03
209,1067,Cash,Completed,2024-08-05
210,2189,Credit Card,Completed,2024-12-17
211,469,Bank Transfer,Completed,2024-06-06
212,1635,Credit Card,Pending,2024-07-06
213,21,Credit Card,Completed,2024-09-08
214,2181,PayPal,Completed,2025-02-27
215,1217,Cash,Completed,2024-12-15
216,1920,Credit Card,Completed,2024-03-26
217,2316,PayPal,Completed,2024-05-16
218,1760,Credit Card,Completed,2024-12-21
219,1308,PayPal,Pending,2024-12-19
220,258,PayPal,Completed,2024-07-17
221,550,PayPal,Completed,2024-08-02
222,2487,Cash,Completed,2024-06-29
223,42,Bank Transfer,Completed,2025-02-18
224,986,Credit Card,Pending,2024-07-06
225,2028,Credit Card,Completed,2024-08-12
226,712,Cash,Pending,2024-05-31
227,217,Cash,Completed,2024-12-14
228,1263,Credit Card,Completed,2025-01-12
229,938,PayPal,Completed,2025-03-11
230,800,PayPal,Completed,2024-09-03
231,832,Cash,Completed,2024-04-02
232,1942,Cash,Pending,2024-04-17
233,531,Credit Card,Completed,2024-07-15
234,400,Credit Card,Completed,2024-08-26
235,1512,Credit Card,Completed,2024-12-10
236,1934,Bank Transfer,Completed,2024-09-19
237,383,Credit Card,Completed,2024-06-19
238,1406,PayPal,Completed,2025-02-06
239,1851,PayPal,Completed,2024-06-29
240,1481,Bank Transfer,Completed,2024-04-18
241,1935,Bank Transfer,Completed,2025-02-22
242,1527,PayPal,Completed,2024-03-31
243,2342,Bank Transfer,Completed,2024-11-20
244,587,PayPal,Completed,2025-02-26
245,60,Credit Card,Completed,2024-04-09
246,1459,PayPal,Pending,2024-09-18
247,920,PayPal,Completed,2024-10-01
248,2130,Cash,Completed,2024-05-31
249,1191,Credit Card,Completed,2024-09-17
250,2255,Cash,Completed,2024-12-31
251,473,Cash,Completed,2025-01-12
252,1046,Credit Card,Completed,2024-10-11
253,1568,Credit Card,Completed,2024-04-27
254,552,Cash,Pending,2024-10-16
255,1891,Bank Transfer,Completed,2024-06-23
256,1486,Bank Transfer,Pending,2024-04-23
257,2131,PayPal,Completed,2024-06-04
258,268,Bank Transfer,Pending,2024-04-23
259,2166,Credit Card,Completed,2025-03-09
260,2218,Cash,Completed,2024-04-13
261,1690,Credit Card,Completed,2024-08-02
262,2440,PayPal,Completed,2024-08-13
263,119,Cash,Completed,2024-10-09
264,2120,Bank Transfer,Completed,2024-05-23
265,26,PayPal,Completed,2024-05-11
266,70,Credit Card,Completed,2025-03-18
267,820,Bank Transfer,Completed,2024-09-03
268,326,Cash,Completed,2024-06-13
269,1332,Credit Card,Completed,2024-10-04
270,1741,PayPal,Completed,2024-09-29
271,1428,Credit Card,Completed,2025-02-13
272,2397,Credit Card,Completed,2024-09-12
273,1977,Bank Transfer,Completed,2024-10-07
274,751,PayPal,Completed,2025-03-03
275,758,Bank Transfer,Completed,2024-12-22
276,216,PayPal,Completed,2024-08-27
277,2146,Credit Card,Pending,2025-02-08
278,1478,Cash,Completed,2024-05-07
279,1554,Credit Card,Completed,2024-10-09
280,785,Bank Transfer,Completed,2024-09-13
281,482,PayPal,Completed,2024-10-29
282,1494,Bank Transfer,Completed,2024-04-08
283,1879,PayPal,Completed,2024-12-25
284,1315,Cash,Completed,2024-05-14
285,1016,Cash,Completed,2025-01-17
286,1983,PayPal,Completed,2024-06-28
287,567,Bank Transfer,Pending,2025-03-06
288,955,Bank Transfer,Completed,2024-05-11
289,1253,Credit Card,Completed,2024-05-08
290,1767,Credit Card,Pending,2024-08-26
291,1566,Bank Transfer,Completed,2025-03-06
292,628,PayPal,Completed,2024-11-22
293,1993,Bank Transfer,Completed,2024-10-27
294,992,Bank Transfer,Completed,2024-10-15
295,1603,PayPal,Failed,2024-11-27
296,184,PayPal,Pending,2024-10-26
297,1744,PayPal,Completed,2024-09-13
298,2124,Credit Card,Completed,2024-03-28
299,1632,Cash,Completed,2024-05-17
300,2247,PayPal,Pending,2025-03-20
301,2468,Cash,Completed,2024-12-03
302,1959,Bank Transfer,Completed,2024-05-26
303,2373,Bank Transfer,Completed,2024-09-19
304,575,PayPal,Failed,2024-07-19
305,976,Cash,Completed,2025-03-13
306,2288,Credit Card,Completed,2024-07-22
307,306,Bank Transfer,Pending,2024-12-13
308,2204,PayPal,Completed,2025-01-28
309,747,Cash,Pending,2024-06-17
310,435,PayPal,Completed,2024-06-15
311,1566,Bank Transfer,Completed,2024-09-07
312,699,Cash,Completed,2025-03-19
313,1923,Cash,Completed,2024-05-20
314,1993,Cash,Completed,2024-04-12
315,2288,Cash,Completed,2024-03-29
316,1302,Bank Transfer,Completed,2025-01-01
317,539,Credit Card,Completed,2024-08-09
318,1651,Credit Card,Completed,2024-06-22
319,1136,Credit Card,Completed,2024-11-20
320,1667,PayPal,Failed,2024-09-03
321,1124,Cash,Completed,2024-09-15
322,1409,Credit Card,Completed,2025-01-01
323,838,Cash,Completed,2024-09-07
324,1659,Credit Card,Completed,2024-07-11
325,359,Bank Transfer,Pending,2024-07-31
326,11,Bank Transfer,Completed,2024-07-05
327,436,Cash,Completed,2024-11-05
328,1952,Bank Transfer,Completed,2025-03-21
329,1482,Credit Card,Completed,2025-02-18
330,220,PayPal,Completed,2024-09-27
331,72,Cash,Completed,2024-06-02
332,752,Bank Transfer,Pending,2024-06-29
333,1109,PayPal,Completed,2024-05-30
334,1520,Credit Card,Completed,2024-09-12
335,275,Cash,Completed,2024-06-23
336,1643,Bank Transfer,Completed,2024-04-11
337,1378,PayPal,Completed,2024-05-20
338,1816,Cash,Completed,2024-10-21
339,1045,Bank Transfer,Completed,2025-02-13
340,1630,PayPal,Completed,2024-03-28
341,1600,Credit Card,Failed,2025-02-28
342,1081,Bank Transfer,Pending,2025-02-19
343,2176,PayPal,Completed,2024-06-05
344,1677,PayPal,Completed,2024-10-25
345,1668,PayPal,Completed,2024-07-26
346,58,Cash,Completed,2025-03-03
347,1649,Cash,Completed,2024-09-15
348,2296,Bank Transfer,Failed,2024-10-07
349,1509,Cash,Completed,2025-01-10
350,286,PayPal,Completed,2024-07-31
351,2406,PayPal,Completed,2025-03-05
352,1344,PayPal,Completed,2024-12-16
353,1790,PayPal,Pending,2024-08-05
354,1250,PayPal,Completed,2024-11-14
355,1845,Cash,Completed,2024-05-02
356,834,PayPal,Completed,2025-03-16
357,274,PayPal,Completed,2024-08-08
358,1037,Cash,Completed,2024-06-12
359,1606,PayPal,Completed,2024-04-29
360,1570,Bank Transfer,Completed,2024-10-02
361,420,Bank Transfer,Completed,2024-12-19
362,513,PayPal,Completed,2024-09-29
363,441,Cash,Completed,2025-03-07
364,381,Cash,Pending,2024-07-27
365,1338,Cash,Failed,2025-01-18
366,1002,Cash,Completed,2024-05-22
367,536,Cash,Completed,2024-08-05
368,1069,Bank Transfer,Completed,2024-03-24
369,2299,PayPal,Completed,2024-08-24
370,331,PayPal,Failed,2025-02-15
371,322,Cash,Completed,2024-10-22
372,144,PayPal,Pending,2025-02-25
373,183,PayPal,Completed,2024-07-24
374,80,Cash,Completed,2024-04-13
375,1036,Bank Transfer,Completed,2024-11-06
376,1990,Cash,Completed,2024-10-13
377,1514,PayPal,Completed,2024-05-08
378,141,Cash,Completed,2024-08-03
379,37,PayPal,Completed,2024-09-25
380,2312,Cash,Completed,2025-03-19
381,2317,Credit Card,Completed,2024-10-01
382,319,Credit Card,Completed,2024-05-01
383,327,Cash,Completed,2024-11-28
384,2401,Credit Card,Completed,2025-02-22
385,907,PayPal,Completed,2024-11-16
386,2065,PayPal,Completed,2024-08-31
387,1444,Credit Card,Completed,2025-02-28
388,50,PayPal,Completed,2024-05-03
389,448,Credit Card,Completed,2025-01-29
390,1691,Cash,Completed,2025-01-01
391,747,Bank Transfer,Completed,2024-03-25
392,275,Credit Card,Completed,2024-08-29
393,559,Credit Card,Completed,2024-11-25
394,2243,Credit Card,Completed,2024-06-26
395,897,Bank Transfer,Completed,2024-11-22
396,1478,PayPal,Completed,2024-11-12
397,493,Credit Card,Completed,2025-01-15
398,2434,Cash,Failed,2024-10-25
399,2264,PayPal,Completed,2024-07-14
400,2256,Bank Transfer,Pending,2024-04-02
401,1273,Credit Card,Completed,2024-08-01
402,336,Credit Card,Completed,2024-04-06
403,1818,Bank Transfer,Completed,2024-08-24
404,1602,PayPal,Completed,2024-07-18
405,554,Bank Transfer,Completed,2024-03-26
406,641,Bank Transfer,Completed,2024-06-26
407,589,Cash,Completed,2025-02-25
408,1719,PayPal,Completed,2025-02-06
409,1218,PayPal,Completed,2025-03-07
410,635,Cash,Completed,2024-08-03
411,2396,Bank Transfer,Completed,2024-12-21
412,825,Cash,Failed,2024-12-19
413,1078,Cash,Completed,2024-03-24
414,267,Bank Transfer,Completed,2024-10-09
415,1800,Cash,Completed,2025-01-12
416,1175,PayPal,Completed,2024-08-31
417,1082,Cash,Pending,2024-08-25
418,352,Cash,Completed,2024-12-18
419,1032,Credit Card,Completed,2024-12-25
420,580,PayPal,Completed,2024-09-22
421,443,Cash,Completed,2025-01-08
422,1269,PayPal,Completed,2025-02-18
423,2237,Bank Transfer,Completed,2024-05-18
424,547,PayPal,Failed,2024-10-14
425,461,Bank Transfer,Completed,2024-06-24
426,1679,Credit Card,Pending,2024-12-29
427,1285,Credit Card,Completed,2024-12-30
428,1035,Cash,Completed,2024-04-28
429,2125,PayPal,Completed,2024-07-09
430,1605,Cash,Completed,2024-06-17
431,1201,Bank Transfer,Completed,2024-08-31
432,2229,Bank Transfer,Completed,2024-10-10
433,1680,PayPal,Completed,2025-02-02
434,119,Bank Transfer,Completed,2024-09-08
435,2096,Bank Transfer,Pending,2024-12-27
436,24,Credit Card,Completed,2024-06-15
437,2425,Cash,Completed,2024-05-29
438,1894,Credit Card,Completed,2024-05-30
439,2358,Bank Transfer,Completed,2024-09-17
440,2307,PayPal,Completed,2024-12-06
441,1334,Credit Card,Completed,2024-05-17
442,1196,PayPal,Completed,2024-11-07
443,2211,Credit Card,Completed,2024-06-18
444,2486,Credit Card,Completed,2024-06-06
445,1757,Bank Transfer,Completed,2024-08-04
446,2351,Credit Card,Completed,2024-11-14
447,106,Bank Transfer,Completed,2024-04-12
448,1659,Bank Transfer,Completed,2024-08-24
449,1598,Credit Card,Completed,2024-11-30
450,1766,Bank Transfer,Completed,2025-03-02
451,2292,Credit Card,Completed,2024-08-06
452,2416,Cash,Failed,2024-05-23
453,391,PayPal,Completed,2024-06-27
454,2436,PayPal,Pending,2024-08-31
455,2469,Bank Transfer,Completed,2025-02-24
456,1278,Credit Card,Completed,2024-07-01
457,1262,Bank Transfer,Completed,2024-04-08
458,1654,Bank Transfer,Completed,2024-11-08
459,193,Credit Card,Completed,2024-04-02
460,662,Cash,Completed,2024-10-21
461,546,PayPal,Pending,2024-10-11
462,2140,Credit Card,Completed,2024-04-02
463,1163,Credit Card,Completed,2024-07-22
464,1348,PayPal,Completed,2024-07-04
465,1377,Credit Card,Completed,2024-07-27
466,515,Credit Card,Completed,2024-09-24
467,123,Bank Transfer,Completed,2024-11-25
468,1793,Bank Transfer,Completed,2024-11-23
469,1304,Cash,Completed,2024-12-12
470,1043,Bank Transfer,Completed,2024-08-20
471,18,Bank Transfer,Pending,2024-09-26
472,1788,PayPal,Completed,2025-02-09
473,398,PayPal,Completed,2024-11-27
474,386,Credit Card,Failed,2024-10-10
475,2219,Credit Card,Completed,2025-02-06
476,2461,PayPal,Completed,2025-03-18
477,677,Bank Transfer,Completed,2024-06-09
478,734,PayPal,Completed,2024-04-09
479,1811,Credit Card,Completed,2024-08-23
480,380,Credit Card,Completed,2024-12-16
481,355,Bank Transfer,Completed,2024-11-25
482,1289,Cash,Completed,2024-11-08
483,279,Cash,Completed,2024-10-05
484,2488,PayPal,Failed,2025-01-06
485,898,Cash,Completed,2024-09-13
486,439,Credit Card,Completed,2024-07-24
487,903,PayPal,Completed,2024-12-19
488,1661,Credit Card,Completed,2024-07-19
489,1130,Credit Card,Completed,2025-03-04
490,2230,Credit Card,Completed,2024-05-24
491,2331,Bank Transfer,Completed,2025-02-14
492,194,Credit Card,Completed,2024-11-16
493,338,PayPal,Completed,2024-11-09
494,1593,Bank Transfer,Completed,2024-05-31
495,224,PayPal,Completed,2024-05-23
496,2239,PayPal,Completed,2024-12-15
497,1732,Cash,Completed,2024-09-04
498,165,PayPal,Completed,2024-07-25
499,1002,Credit Card,Completed,2025-01-04
500,709,Bank Transfer,Pending,2025-01-17
501,1466,Credit Card,Completed,2024-12-27
502,1154,Credit Card,Completed,2024-10-13
503,844,Credit Card,Completed,2024-06-28
504,119,Cash,Pending,2024-05-21
505,723,Bank Transfer,Completed,2024-10-12
506,1573,Credit Card,Completed,2024-08-12
507,1833,Cash,Completed,2024-12-29
508,325,Bank Transfer,Completed,2025-01-15
509,1037,Credit Card,Completed,2024-10-17
510,734,PayPal,Completed,2024-07-17
511,1187,PayPal,Completed,2024-03-31
512,1136,Credit Card,Completed,2024-10-07
513,1866,PayPal,Pending,2024-04-04
514,2145,Credit Card,Completed,2024-04-04
515,943,Credit Card,Completed,2024-04-21
516,1846,Bank Transfer,Completed,2024-10-23
517,895,Cash,Completed,2025-02-04
518,1045,PayPal,Completed,2024-12-12
519,2335,Cash,Completed,2024-06-12
520,117,PayPal,Completed,2024-09-19
521,2478,Credit Card,Pending,2024-10-14
522,565,PayPal,Completed,2024-08-28
523,399,Cash,Completed,2024-10-09
524,392,Credit Card,Completed,2024-05-04
525,1759,PayPal,Completed,2024-05-21
526,1536,Credit Card,Completed,2024-06-09
527,2186,Credit Card,Completed,2025-01-28
528,1399,Bank Transfer,Completed,2024-11-30
529,1888,Cash,Completed,2025-01-24
530,398,PayPal,Completed,2024-10-20
531,1218,Cash,Completed,2024-05-17
532,1350,PayPal,Completed,2025-02-22
533,629,PayPal,Failed,2025-02-06
534,1184,Bank Transfer,Pending,2024-08-16
535,1042,Bank Transfer,Failed,2024-04-13
536,1840,Credit Card,Completed,2024-08-31
537,1781,Cash,Completed,2024-04-09
538,1396,Credit Card,Failed,2024-12-05
539,2057,Credit Card,Pending,2024-07-22
540,1663,Cash,Completed,2024-09-05
541,86,Bank Transfer,Completed,2024-10-12
542,2195,Credit Card,Completed,2024-10-15
543,1302,Cash,Completed,2025-01-01
544,13,Bank Transfer,Completed,2024-07-15
545,1120,Credit Card,Failed,2024-11-29
546,1920,Cash,Completed,2024-05-13
547,1727,Bank Transfer,Pending,2024-06-02
548,2428,Credit Card,Completed,2024-08-01
549,1605,Bank Transfer,Completed,2024-10-09
550,1741,Credit Card,Pending,2024-12-13
551,1256,PayPal,Completed,2024-08-13
552,460,PayPal,Completed,2024-09-19
553,44,PayPal,Completed,2024-08-14
554,992,Cash,Completed,2024-06-17
555,81,Cash,Completed,2024-06-21
556,1228,Cash,Completed,2024-09-29
557,52,Bank Transfer,Pending,2025-01-17
558,1733,Cash,Completed,2024-07-23
559,1322,PayPal,Completed,2024-07-01
560,2484,Credit Card,Completed,2024-06-15
561,926,Bank Transfer,Failed,2024-10-07
562,820,Bank Transfer,Pending,2025-01-06
563,1559,PayPal,Completed,2024-07-23
564,1471,Bank Transfer,Completed,2024-08-05
565,1826,Bank Transfer,Pending,2024-07-10
566,774,Bank Transfer,Completed,2025-02-16
567,2093,PayPal,Completed,2024-05-18
568,1399,Cash,Completed,2024-07-25
569,1619,Credit Card,Completed,2024-07-06
570,1419,PayPal,Completed,2024-09-22
571,1864,Credit Card,Completed,2025-01-29
572,2136,PayPal,Completed,2025-01-23
573,1758,Cash,Completed,2024-10-25
574,1982,Credit Card,Completed,2024-09-29
575,1177,Credit Card,Completed,2025-03-20
576,1586,Bank Transfer,Completed,2024-05-05
577,99,Credit Card,Completed,2024-06-22
578,1399,Credit Card,Completed,2025-02-06
579,1068,PayPal,Completed,2025-01-26
580,464,Bank Transfer,Failed,2024-08-04
581,2024,Bank Transfer,Completed,2024-10-11
582,1405,Credit Card,Completed,2024-09-11
583,1936,PayPal,Completed,2024-10-17
584,1979,Credit Card,Completed,2024-06-30
585,661,PayPal,Completed,2024-06-18
586,302,Cash,Completed,2024-08-01
587,877,Credit Card,Completed,2024-12-13
588,1927,Credit Card,Completed,2024-05-19
589,410,Bank Transfer,Completed,2024-09-24
590,115,Bank Transfer,Completed,2024-07-10
591,1030,Credit Card,Completed,2024-09-21
592,2124,Cash,Completed,2025-03-01
593,766,Credit Card,Completed,2024-11-25
594,2135,Cash,Failed,2025-02-16
595,1101,Credit Card,Failed,2025-02-15
596,934,Bank Transfer,Completed,2024-07-19
597,1915,PayPal,Completed,2024-10-19
598,1769,Credit Card,Completed,2024-05-19
599,408,Credit Card,Completed,2024-06-09
600,1811,PayPal,Completed,2024-07-31
601,2415,Bank Transfer,Completed,2024-09-03
602,1972,Cash,Completed,2024-10-25
603,2102,Bank Transfer,Completed,2025-03-04
604,599,PayPal,Completed,2025-02-14
605,1773,PayPal,Completed,2024-07-19
606,863,Bank Transfer,Failed,2024-11-15
607,1064,Cash,Completed,2024-06-18
608,2172,Credit Card,Completed,2024-10-15
609,803,Bank Transfer,Completed,2024-11-21
610,1460,Credit Card,Completed,2024-10-24
611,2476,PayPal,Completed,2024-08-10
612,1347,Credit Card,Completed,2024-11-30
613,1661,PayPal,Completed,2024-05-10
614,916,Cash,Completed,2024-10-10
615,35,PayPal,Completed,2025-02-25
616,513,PayPal,Completed,2024-11-27
617,2213,Cash,Completed,2024-06-21
618,822,Cash,Completed,2024-06-07
619,2409,Bank Transfer,Pending,2024-07-29
620,279,Bank Transfer,Completed,2024-11-22
621,2344,Bank Transfer,Completed,2024-05-18
622,1219,Credit Card,Completed,2024-08-16
623,1416,PayPal,Completed,2025-01-05
624,874,Bank Transfer,Completed,2024-07-18
625,1852,Cash,Completed,2025-02-04
626,1715,Credit Card,Completed,2024-06-07
627,2086,Credit Card,Completed,2024-10-08
628,1119,PayPal,Completed,2024-03-22
629,522,Cash,Completed,2024-08-19
630,1317,Cash,Completed,2024-07-15
631,2421,Cash,Completed,2024-09-10
632,153,PayPal,Failed,2025-01-07
633,36,Bank Transfer,Completed,2024-11-21
634,247,Cash,Completed,2024-06-08
635,2121,PayPal,Completed,2024-12-29
636,36,Cash,Completed,2024-06-29
637,423,PayPal,Completed,2024-06-03
638,2145,PayPal,Completed,2025-03-17
639,765,Bank Transfer,Completed,2024-10-21
640,746,Cash,Pending,2024-12-06
641,1820,Cash,Completed,2024-10-16
642,2237,Cash,Completed,2024-05-29
643,1339,Cash,Completed,2025-03-21
644,1049,Cash,Failed,2024-10-17
645,1807,Credit Card,Completed,2024-05-30
646,1807,Bank Transfer,Completed,2024-06-10
647,347,Bank Transfer,Completed,2024-08-21
648,2350,PayPal,Completed,2024-12-04
649,839,PayPal,Completed,2024-08-03
650,2262,Bank Transfer,Completed,2024-09-21
651,2409,Cash,Completed,2025-02-23
652,194,Credit Card,Completed,2024-06-09
653,1423,Bank Transfer,Completed,2024-10-02
654,1772,Bank Transfer,Completed,2024-11-03
655,1181,Bank Transfer,Completed,2024-08-20
656,732,Cash,Completed,2024-07-18
657,2319,Credit Card,Pending,2024-06-08
658,1952,Cash,Pending,2024-10-02
659,427,PayPal,Completed,2024-05-10
660,1325,PayPal,Completed,2024-09-14
661,1076,Bank Transfer,Completed,2025-01-10
662,1984,Credit Card,Completed,2024-04-11
663,715,Bank Transfer,Completed,2025-01-28
664,2496,Cash,Completed,2024-09-17
665,1360,PayPal,Completed,2024-06-16
666,831,Cash,Pending,2025-03-10
667,1661,Cash,Completed,2025-02-01
668,1441,Cash,Completed,2024-04-06
669,2456,Bank Transfer,Completed,2024-06-02
670,2236,PayPal,Completed,2024-09-13
671,1840,PayPal,Failed,2024-05-30
672,2424,Bank Transfer,Completed,2024-11-17
673,147,Credit Card,Completed,2024-07-20
674,86,Credit Card,Completed,2025-02-09
675,1211,Credit Card,Completed,2024-05-06
676,2113,Bank Transfer,Completed,2024-04-29
677,1751,Cash,Completed,2024-08-05
678,578,Bank Transfer,Failed,2025-02-28
679,1813,PayPal,Completed,2024-08-21
680,1931,Credit Card,Completed,2024-11-30
681,2230,PayPal,Completed,2024-07-04
682,2118,Credit Card,Completed,2024-10-17
683,837,Bank Transfer,Failed,2024-10-06
684,2192,PayPal,Completed,2024-08-12
685,1938,PayPal,Completed,2024-09-02
686,2038,PayPal,Pending,2024-09-11
687,1563,Bank Transfer,Completed,2024-11-08
688,284,Cash,Completed,2024-06-26
689,880,Bank Transfer,Completed,2025-02-03
690,1700,PayPal,Pending,2025-01-15
691,400,Bank Transfer,Completed,2024-08-21
692,710,PayPal,Completed,2024-09-24
693,2095,Credit Card,Completed,2024-11-28
694,2286,Credit Card,Failed,2024-10-20
695,2423,Bank Transfer,Failed,2025-01-26
696,209,Bank Transfer,Completed,2024-04-20
697,1017,PayPal,Completed,2024-05-11
698,1422,Cash,Completed,2024-10-25
699,591,Bank Transfer,Completed,2024-07-23
700,1642,Credit Card,Completed,2024-09-24
701,2350,Cash,Completed,2024-12-04
702,434,PayPal,Completed,2025-02-08
703,1376,Cash,Completed,2024-07-25
704,1153,PayPal,Failed,2025-02-23
705,1041,Cash,Completed,2024-06-09
706,1420,Cash,Completed,2024-04-17
707,898,PayPal,Completed,2024-03-29
708,312,Cash,Completed,2024-05-27
709,588,Cash,Completed,2024-06-21
710,1459,Credit Card,Completed,2024-08-28
711,1844,PayPal,Completed,2024-11-23
712,1909,PayPal,Completed,2024-10-23
713,172,Cash,Completed,2024-09-07
714,900,Bank Transfer,Completed,2024-12-15
715,1999,PayPal,Completed,2025-03-18
716,580,Credit Card,Completed,2024-04-27
717,285,Bank Transfer,Pending,2025-02-07
718,1421,Bank Transfer,Completed,2025-01-04
719,1078,PayPal,Completed,2024-04-02
720,1675,Credit Card,Completed,2024-04-27
721,1929,PayPal,Completed,2024-07-08
722,1577,Bank Transfer,Completed,2024-09-06
723,228,Cash,Completed,2024-11-23
724,1410,Credit Card,Completed,2024-07-25
725,196,PayPal,Completed,2024-04-18
726,268,PayPal,Completed,2025-03-12
727,599,Bank Transfer,Pending,2024-06-10
728,1079,Credit Card,Pending,2025-02-21
729,17,PayPal,Pending,2024-09-17
730,1432,Cash,Completed,2025-01-18
731,1905,Cash,Completed,2024-07-04
732,1443,Credit Card,Pending,2025-02-04
733,1317,Bank Transfer,Completed,2024-05-04
734,1179,Cash,Completed,2024-07-04
735,438,Bank Transfer,Completed,2024-04-03
736,1457,Credit Card,Completed,2024-10-27
737,1482,Bank Transfer,Completed,2024-04-23
738,767,Cash,Completed,2024-08-10
739,1715,PayPal,Completed,2024-04-08
740,410,PayPal,Completed,2025-02-07
741,679,Bank Transfer,Pending,2024-12-02
742,2054,Credit Card,Completed,2024-08-12
743,480,Credit Card,Completed,2024-03-24
744,1072,Credit Card,Completed,2024-03-25
745,2453,Bank Transfer,Completed,2025-01-08
746,1821,Credit Card,Completed,2024-11-13
747,628,Credit Card,Completed,2024-04-10
748,451,Credit Card,Completed,2025-01-29
749,2255,Cash,Completed,2024-06-13
750,1963,Cash,Pending,2024-12-14
751,815,Bank Transfer,Completed,2025-03-08
752,113,Credit Card,Completed,2025-01-22
753,2018,Bank Transfer,Completed,2025-01-07
754,2208,Credit Card,Pending,2024-04-17
755,1592,Credit Card,Completed,2025-02-19
756,513,Credit Card,Completed,2024-08-04
757,1609,Cash,Completed,2024-07-29
758,1410,Bank Transfer,Completed,2024-06-24
759,1261,Credit Card,Completed,2024-09-12
760,1571,Bank Transfer,Completed,2024-07-07
761,1724,Credit Card,Completed,2025-02-04
762,1324,Bank Transfer,Completed,2024-09-15
763,1748,Credit Card,Pending,2025-01-01
764,2307,Credit Card,Completed,2024-06-26
765,2000,Bank Transfer,Completed,2025-03-07
766,320,Bank Transfer,Completed,2024-10-03
767,1301,Cash,Completed,2024-04-24
768,2318,Bank Transfer,Completed,2025-02-21
769,631,Credit Card,Completed,2025-03-22
770,1158,Credit Card,Completed,2024-10-06
771,1539,Cash,Completed,2025-01-22
772,1225,Bank Transfer,Completed,2025-01-03
773,664,Cash,Completed,2024-05-22
774,227,Bank Transfer,Completed,2024-10-03
775,1441,PayPal,Completed,2024-05-16
776,223,PayPal,Completed,2024-12-03
777,1863,Cash,Completed,2024-06-30
778,2275,Credit Card,Completed,2024-10-27
779,1963,PayPal,Completed,2024-07-15
780,133,Bank Transfer,Completed,2025-01-20
781,2413,Bank Transfer,Completed,2024-12-02
782,1652,Bank Transfer,Completed,2024-08-22
783,422,Bank Transfer,Pending,2025-02-21
784,24,Credit Card,Completed,2024-07-16
785,1916,Credit Card,Completed,2024-12-08
786,274,Credit Card,Completed,2024-04-09
787,803,PayPal,Completed,2024-08-29
788,222,Credit Card,Pending,2024-09-27
789,1979,Bank Transfer,Failed,2024-11-21
790,2333,Credit Card,Failed,2024-05-10
791,626,Bank Transfer,Completed,2024-03-22
792,1273,PayPal,Completed,2024-10-12
793,1918,PayPal,Completed,2025-03-17
794,918,PayPal,Completed,2025-01-17
795,31,Bank Transfer,Completed,2025-01-24
796,1688,Cash,Pending,2025-02-04
797,385,PayPal,Completed,2024-08-25
798,1387,Bank Transfer,Completed,2025-03-11
799,181,Bank Transfer,Completed,2024-12-20
800,1697,Cash,Completed,2024-08-22
801,1466,Credit Card,Completed,2024-08-07
802,684,Cash,Completed,2024-12-27
803,1879,Cash,Pending,2024-11-12
804,1131,Credit Card,Completed,2024-08-30
805,2319,Credit Card,Pending,2025-01-14
806,942,Bank Transfer,Completed,2025-01-08
807,208,PayPal,Completed,2024-09-06
808,1971,Credit Card,Completed,2024-11-12
809,1508,Credit Card,Completed,2024-06-11
810,1591,Credit Card,Completed,2024-09-12
811,1849,PayPal,Completed,2024-04-09
812,2045,Cash,Completed,2024-05-06
813,2324,Bank Transfer,Completed,2024-11-12
814,692,Cash,Completed,2024-04-21
815,1682,Credit Card,Completed,2025-02-17
816,753,Credit Card,Completed,2024-12-01
817,1356,Bank Transfer,Completed,2024-05-04
818,707,Credit Card,Completed,2025-01-16
819,1751,PayPal,Pending,2024-11-22
820,2250,PayPal,Completed,2024-12-26
821,2059,Credit Card,Completed,2025-03-05
822,2295,Credit Card,Completed,2025-01-27
823,1705,Bank Transfer,Completed,2024-11-14
824,2120,Credit Card,Completed,2025-02-01
825,785,Credit Card,Completed,2024-11-28
826,2494,Bank Transfer,Completed,2025-01-06
827,1730,Cash,Completed,2025-01-09
828,322,PayPal,Completed,2025-01-18
829,409,Credit Card,Completed,2024-05-14
830,714,PayPal,Completed,2025-01-03
831,733,Cash,Completed,2025-02-22
832,105,Credit Card,Pending,2024-10-06
833,425,Credit Card,Completed,2024-09-26
834,1312,Bank Transfer,Completed,2024-08-09
835,1691,Cash,Completed,2024-08-23
836,1980,Cash,Failed,2024-04-08
837,382,Credit Card,Completed,2025-03-02
838,2123,PayPal,Completed,2024-11-30
839,1663,Cash,Completed,2024-07-20
840,1319,PayPal,Completed,2025-03-18
841,249,Credit Card,Pending,2025-02-23
842,741,Cash,Completed,2024-12-17
843,2464,Credit Card,Pending,2025-03-18
844,605,PayPal,Completed,2024-08-26
845,1513,PayPal,Failed,2024-10-19
846,286,Cash,Completed,2024-11-01
847,86,Bank Transfer,Pending,2024-04-11
848,121,PayPal,Completed,2024-10-05
849,1995,Bank Transfer,Pending,2024-10-13
850,2487,PayPal,Completed,2024-05-28
851,1189,Credit Card,Completed,2024-09-13
852,1137,Cash,Completed,2024-10-24
853,180,Cash,Completed,2025-02-23
854,1255,PayPal,Pending,2024-11-19
855,2492,Bank Transfer,Completed,2024-07-17
856,1488,Cash,Completed,2024-06-15
857,2280,Bank Transfer,Completed,2025-01-08
858,168,PayPal,Completed,2024-06-04
859,1167,Bank Transfer,Completed,2024-12-27
860,1312,Credit Card,Completed,2025-01-07
861,772,Credit Card,Completed,2024-10-02
862,1577,Bank Transfer,Failed,2024-11-19
863,345,Credit Card,Completed,2024-07-13
864,145,Bank Transfer,Pending,2024-04-11
865,925,Cash,Completed,2024-09-07
866,2134,Credit Card,Completed,2024-08-28
867,2102,Bank Transfer,Completed,2025-01-16
868,1896,PayPal,Completed,2025-03-19
869,1024,Bank Transfer,Completed,2024-11-28
870,931,Cash,Failed,2024-03-25
871,571,Bank Transfer,Completed,2024-10-20
872,2163,Credit Card,Completed,2024-03-29
873,2177,PayPal,Completed,2025-01-03
874,2252,Credit Card,Completed,2024-07-22
875,598,PayPal,Completed,2025-03-20
876,69,PayPal,Pending,2024-08-07
877,209,Cash,Completed,2024-07-10
878,1023,Bank Transfer,Completed,2024-04-22
879,2271,Cash,Pending,2025-01-03
880,2411,Bank Transfer,Completed,2024-05-03
881,1889,Bank Transfer,Completed,2024-08-03
882,283,Cash,Failed,2024-09-12
883,2226,Bank Transfer,Completed,2024-10-20
884,169,Credit Card,Completed,2024-07-25
885,2365,PayPal,Completed,2024-06-12
886,915,Cash,Pending,2024-03-27
887,1584,PayPal,Completed,2024-07-08
888,1210,Credit Card,Completed,2024-09-20
889,873,Cash,Completed,2024-12-06
890,2455,Bank Transfer,Failed,2024-09-30
891,2002,Credit Card,Completed,2025-03-16
892,1560,PayPal,Completed,2024-06-24
893,2022,Bank Transfer,Completed,2025-01-10
894,335,Bank Transfer,Completed,2024-06-07
895,375,Cash,Completed,2024-08-06
896,1717,Bank Transfer,Completed,2025-02-27
897,2357,PayPal,Completed,2024-12-04
898,37,Cash,Completed,2025-01-06
899,2321,Cash,Completed,2024-04-15
900,799,Credit Card,Completed,2024-08-29
901,701,Credit Card,Completed,2024-11-04
902,1244,Cash,Completed,2025-03-12
903,2309,Cash,Completed,2024-12-14
904,2249,Credit Card,Completed,2024-04-08
905,548,Credit Card,Completed,2024-05-12
906,1342,Credit Card,Completed,2024-06-05
907,899,Cash,Completed,2025-01-25
908,1597,Credit Card,Completed,2024-11-08
909,2074,Bank Transfer,Completed,2024-11-19
910,555,Cash,Failed,2024-10-23
911,2370,Cash,Completed,2025-03-11
912,169,Cash,Completed,2024-11-20
913,1768,Cash,Completed,2024-12-06
914,1859,Cash,Completed,2024-04-16
915,1168,Bank Transfer,Completed,2024-06-11
916,21,Credit Card,Failed,2024-08-08
917,1889,Credit Card,Completed,2024-08-08
918,260,PayPal,Completed,2025-02-15
919,541,Cash,Completed,2024-10-10
920,1966,PayPal,Completed,2024-03-29
921,2256,Credit Card,Completed,2024-07-03
922,2062,Credit Card,Pending,2024-12-04
923,183,Bank Transfer,Pending,2024-12-05
924,1289,PayPal,Completed,2024-09-06
925,1673,Credit Card,Failed,2024-06-11
926,28,Cash,Pending,2025-02-15
927,2154,Cash,Completed,2025-03-21
928,257,Cash,Completed,2024-12-17
929,1359,Bank Transfer,Completed,2024-08-13
930,262,PayPal,Completed,2025-03-09
931,2039,Credit Card,Completed,2024-11-15
932,192,Cash,Completed,2024-09-20
933,932,Credit Card,Completed,2024-09-03
934,1443,Cash,Completed,2024-06-01
935,716,Cash,Completed,2024-07-07
936,176,Bank Transfer,Completed,2024-03-31
937,1753,Cash,Completed,2024-06-24
938,246,PayPal,Completed,2024-05-22
939,2375,PayPal,Completed,2024-07-19
940,1512,Cash,Completed,2024-07-19
941,1665,Bank Transfer,Completed,2024-09-24
942,211,Credit Card,Completed,2024-11-29
943,1016,PayPal,Completed,2024-07-31
944,2485,PayPal,Completed,2025-01-27
945,221,PayPal,Completed,2024-12-15
946,1566,Cash,Completed,2024-07-05
947,2290,PayPal,Completed,2024-07-25
948,2287,Bank Transfer,Completed,2024-03-25
949,2257,Cash,Pending,2024-09-05
950,1484,Credit Card,Completed,2024-05-02
951,1077,Credit Card,Completed,2024-11-01
952,1811,PayPal,Completed,2024-08-06
953,2216,PayPal,Completed,2025-01-04
954,963,Credit Card,Completed,2024-08-23
955,1554,Bank Transfer,Completed,2025-03-08
956,1668,Cash,Completed,2024-09-11
957,915,PayPal,Completed,2024-06-07
958,1843,Cash,Completed,2024-10-09
959,1651,Bank Transfer,Completed,2025-01-12
960,588,Credit Card,Completed,2025-02-09
961,1520,Bank Transfer,Completed,2024-09-13
962,914,PayPal,Pending,2024-12-04
963,1815,PayPal,Completed,2025-02-28
964,2286,Credit Card,Completed,2024-05-16
965,2099,Credit Card,Pending,2024-11-09
966,1164,Credit Card,Completed,2025-02-06
967,2093,Cash,Completed,2025-03-05
968,124,Bank Transfer,Completed,2024-11-21
969,1386,Credit Card,Completed,2024-08-24
970,1056,Bank Transfer,Completed,2025-02-09
971,1028,PayPal,Completed,2025-01-04
972,1023,Bank Transfer,Completed,2025-03-18
973,1562,Bank Transfer,Completed,2024-08-05
974,1228,Bank Transfer,Completed,2024-08-11
975,2272,Bank Transfer,Completed,2024-08-02
976,1839,Bank Transfer,Completed,2024-04-11
977,637,PayPal,Pending,2024-04-17
978,1794,Bank Transfer,Completed,2024-08-29
979,1197,Cash,Completed,2024-10-22
980,1572,Credit Card,Completed,2024-07-17
981,933,Credit Card,Completed,2025-03-10
982,1054,Credit Card,Completed,2024-04-21
983,2176,PayPal,Pending,2024-12-01
984,2137,PayPal,Completed,2024-07-26
985,556,Bank Transfer,Completed,2024-06-23
986,2095,Credit Card,Completed,2024-10-30
987,2100,Bank Transfer,Completed,2024-12-18
988,5,Bank Transfer,Completed,2024-04-10
989,1350,Bank Transfer,Completed,2024-06-10
990,1139,Credit Card,Completed,2025-03-13
991,2467,Bank Transfer,Completed,2024-12-31
992,1246,PayPal,Completed,2024-07-24
993,2434,Bank Transfer,Failed,2025-02-06
994,1137,Credit Card,Completed,2024-12-19
995,1748,Cash,Completed,2024-10-27
996,332,Credit Card,Completed,2024-09-16
997,249,Bank Transfer,Completed,2025-01-18
998,366,Cash,Pending,2024-11-10
999,308,Cash,Completed,2024-09-25
1000,2187,Bank Transfer,Completed,2024-07-07
1001,93,Bank Transfer,Completed,2024-12-11
1002,2209,PayPal,Completed,2024-09-19
1003,1438,PayPal,Completed,2024-08-16
1004,2142,Bank Transfer,Completed,2024-11-02
1005,1808,Cash,Completed,2024-06-28
1006,281,Bank Transfer,Completed,2025-03-02
1007,1499,Cash,Pending,2024-07-08
1008,1731,Credit Card,Completed,2025-03-15
1009,1102,PayPal,Completed,2024-04-29
1010,1564,Cash,Completed,2024-08-14
1011,1247,PayPal,Completed,2025-02-02
1012,2229,PayPal,Pending,2024-11-19
1013,726,Cash,Completed,2024-11-01
1014,129,Bank Transfer,Pending,2024-05-02
1015,1499,PayPal,Completed,2024-09-07
1016,1712,Cash,Failed,2024-08-20
1017,1963,Bank Transfer,Completed,2024-10-06
1018,1915,Cash,Completed,2024-12-29
1019,671,Bank Transfer,Completed,2024-07-14
1020,2287,Bank Transfer,Completed,2024-12-29
1021,2389,Credit Card,Completed,2024-12-12
1022,1465,Credit Card,Completed,2024-04-27
1023,282,Bank Transfer,Completed,2025-02-13
1024,2369,Cash,Pending,2025-02-06
1025,960,Bank Transfer,Completed,2024-04-24
1026,1864,PayPal,Completed,2024-07-10
1027,563,Cash,Completed,2024-12-06
1028,384,Credit Card,Completed,2024-06-14
1029,2099,Cash,Completed,2024-12-04
1030,1700,Credit Card,Completed,2025-01-06
1031,412,Bank Transfer,Pending,2025-02-09
1032,2208,PayPal,Completed,2025-01-27
1033,2192,Cash,Completed,2024-05-21
1034,2365,PayPal,Completed,2025-03-17
1035,1053,Bank Transfer,Completed,2024-09-01
1036,1115,Cash,Completed,2024-06-02
1037,326,Credit Card,Completed,2025-02-19
1038,1991,Cash,Completed,2024-10-03
1039,126,Cash,Completed,2025-03-21
1040,1089,Credit Card,Completed,2024-04-05
1041,8,PayPal,Completed,2024-05-04
1042,581,PayPal,Completed,2024-07-20
1043,2368,PayPal,Completed,2024-12-26
1044,2331,Bank Transfer,Completed,2024-07-21
1045,1851,Cash,Completed,2024-08-12
1046,2341,Cash,Completed,2025-01-31
1047,2219,Credit Card,Completed,2024-12-04
1048,285,Cash,Completed,2025-03-15
1049,607,Credit Card,Completed,2024-08-16
1050,415,PayPal,Pending,2024-06-26
1051,896,Credit Card,Completed,2024-08-14
1052,2107,Credit Card,Completed,2025-02-08
1053,1724,Cash,Completed,2025-02-17
1054,15,Credit Card,Completed,2025-03-01
1055,1228,Cash,Pending,2024-08-01
1056,2369,Bank Transfer,Completed,2024-10-17
1057,1077,Cash,Completed,2024-10-12
1058,249,Cash,Completed,2025-01-07
1059,449,Credit Card,Completed,2024-06-23
1060,433,PayPal,Completed,2024-05-01
1061,92,Bank Transfer,Completed,2024-11-13
1062,1207,PayPal,Pending,2024-12-15
1063,1299,Bank Transfer,Completed,2024-12-05
1064,452,Bank Transfer,Completed,2024-11-06
1065,1986,Credit Card,Completed,2024-08-07
1066,1386,Cash,Failed,2024-10-25
1067,1649,Credit Card,Completed,2024-11-25
1068,2023,Cash,Pending,2024-05-30
1069,2328,Cash,Completed,2024-03-23
1070,1026,Credit Card,Completed,2024-12-12
1071,81,PayPal,Failed,2024-11-29
1072,279,Credit Card,Completed,2024-07-05
1073,2323,Cash,Completed,2024-08-04
1074,997,PayPal,Completed,2024-12-24
1075,1386,Bank Transfer,Pending,2024-06-05
1076,911,Bank Transfer,Completed,2024-04-05
1077,305,Credit Card,Completed,2024-04-04
1078,728,Cash,Completed,2024-06-16
1079,2493,Credit Card,Completed,2025-03-21
1080,1409,Cash,Completed,2024-07-08
1081,1021,Cash,Completed,2025-01-01
1082,147,Cash,Pending,2024-09-25
1083,690,Credit Card,Completed,2024-08-22
1084,1683,Cash,Completed,2024-11-01
1085,2314,PayPal,Completed,2024-08-23
1086,1599,Credit Card,Completed,2024-10-13
1087,5,Bank Transfer,Completed,2025-03-11
1088,200,PayPal,Completed,2024-05-03
1089,1810,Credit Card,Pending,2025-03-18
1090,1542,Bank Transfer,Completed,2024-08-30
1091,1974,Credit Card,Pending,2024-09-14
1092,1750,Credit Card,Completed,2024-10-02
1093,385,Credit Card,Completed,2024-07-25
1094,2128,PayPal,Completed,2024-04-10
1095,2177,Credit Card,Completed,2025-01-19
1096,1707,Cash,Completed,2025-01-03
1097,2284,PayPal,Pending,2024-10-06
1098,1384,PayPal,Completed,2024-12-12
1099,1703,PayPal,Completed,2024-07-21
1100,368,Bank Transfer,Completed,2024-08-01
1101,915,Credit Card,Completed,2024-09-02
1102,807,Bank Transfer,Completed,2024-04-14
1103,243,PayPal,Completed,2024-03-31
1104,2,Credit Card,Completed,2024-12-08
1105,107,PayPal,Completed,2025-03-07
1106,2401,Cash,Completed,2025-01-01
1107,2361,Credit Card,Pending,2024-12-28
1108,898,PayPal,Completed,2024-08-18
1109,421,Cash,Completed,2024-11-24
1110,1043,Bank Transfer,Completed,2024-05-20
1111,1286,PayPal,Failed,2024-05-12
1112,1334,Credit Card,Completed,2025-01-03
1113,1427,Cash,Completed,2024-11-05
1114,201,Cash,Completed,2024-12-04
1115,697,Bank Transfer,Completed,2024-11-26
1116,296,PayPal,Completed,2024-05-27
1117,861,PayPal,Completed,2024-04-20
1118,1245,Cash,Completed,2024-05-27
1119,1459,Cash,Completed,2024-08-30
1120,280,Cash,Completed,2024-10-23
1121,799,Bank Transfer,Completed,2024-12-11
1122,70,Cash,Completed,2024-10-05
1123,2324,Bank Transfer,Completed,2025-02-01
1124,1869,Bank Transfer,Completed,2024-12-10
1125,2095,Cash,Pending,2025-02-18
1126,1502,Cash,Completed,2025-01-17
1127,2453,Bank Transfer,Completed,2024-11-15
1128,1551,PayPal,Completed,2024-04-18
1129,150,Cash,Completed,2024-11-07
1130,2214,Bank Transfer,Completed,2024-04-22
1131,1156,Credit Card,Completed,2025-01-12
1132,1634,Credit Card,Completed,2024-10-22
1133,1275,Credit Card,Completed,2024-03-25
1134,2232,Cash,Completed,2024-10-31
1135,847,Credit Card,Completed,2024-08-13
1136,1900,PayPal,Failed,2024-10-26
1137,2484,Credit Card,Failed,2024-08-06
1138,1367,Bank Transfer,Completed,2024-12-29
1139,1317,Bank Transfer,Completed,2024-06-11
1140,1460,PayPal,Completed,2024-03-23
1141,1791,Cash,Failed,2024-09-12
1142,1689,PayPal,Completed,2025-02-07
1143,1287,PayPal,Pending,2024-05-31
1144,187,PayPal,Completed,2024-03-25
1145,2392,Credit Card,Completed,2024-10-19
1146,1063,Credit Card,Completed,2024-04-02
1147,75,Credit Card,Completed,2024-08-08
1148,829,Credit Card,Completed,2025-01-27
1149,915,PayPal,Failed,2024-08-13
1150,2321,PayPal,Completed,2024-11-18
1151,543,Bank Transfer,Completed,2025-03-08
1152,147,PayPal,Completed,2024-05-26
1153,1504,PayPal,Completed,2025-03-11
1154,615,PayPal,Completed,2024-11-28
1155,448,PayPal,Completed,2024-12-08
1156,2080,Cash,Completed,2024-04-14
1157,1893,Credit Card,Completed,2024-10-27
1158,1173,PayPal,Completed,2024-09-10
1159,2139,Credit Card,Pending,2025-02-10
1160,2227,Cash,Completed,2024-10-24
1161,1281,Cash,Completed,2025-02-05
1162,157,Cash,Completed,2024-11-12
1163,1930,Cash,Completed,2024-04-20
1164,1582,Cash,Completed,2024-10-19
1165,184,Credit Card,Completed,2024-12-30
1166,1740,Credit Card,Completed,2024-08-27
1167,1843,Cash,Completed,2024-08-07
1168,2037,PayPal,Completed,2024-08-19
1169,805,Credit Card,Completed,2024-10-04
1170,1667,Credit Card,Completed,2024-05-30
1171,2124,Cash,Completed,2024-07-18
1172,951,PayPal,Completed,2024-06-24
1173,768,Credit Card,Completed,2025-03-15
1174,11,PayPal,Completed,2024-04-24
1175,1468,Bank Transfer,Completed,2024-07-04
1176,839,Cash,Completed,2024-06-07
1177,1360,PayPal,Completed,2024-05-31
1178,2132,PayPal,Completed,2025-01-25
1179,1986,Bank Transfer,Completed,2024-07-27
1180,1542,PayPal,Completed,2024-06-02
1181,2039,Cash,Completed,2024-09-12
1182,1780,Bank Transfer,Failed,2024-12-03
1183,2225,Bank Transfer,Completed,2024-05-23
1184,43,Bank Transfer,Completed,2024-04-08
1185,2468,Credit Card,Completed,2024-08-25
1186,1139,Cash,Completed,2024-05-05
1187,633,PayPal,Completed,2024-09-30
1188,959,Cash,Completed,2024-05-08
1189,1017,PayPal,Completed,2024-04-25
1190,765,Cash,Failed,2024-06-17
1191,1038,Cash,Completed,2024-09-06
1192,86,Credit Card,Pending,2025-01-24
1193,323,Credit Card,Completed,2025-02-25
1194,582,Cash,Completed,2024-04-03
1195,976,PayPal,Completed,2024-06-22
1196,2236,PayPal,Completed,2024-03-22
1197,25,Bank Transfer,Failed,2024-07-21
1198,319,Cash,Pending,2024-08-22
1199,1977,Credit Card,Completed,2025-01-28
1200,1632,PayPal,Completed,2024-10-11
1201,405,Bank Transfer,Completed,2024-12-25
1202,1304,Cash,Completed,2024-05-02
1203,731,Cash,Completed,2025-02-18
1204,1626,Bank Transfer,Completed,2024-08-26
1205,1497,Bank Transfer,Completed,2025-01-16
1206,904,PayPal,Failed,2025-01-11
1207,2086,PayPal,Completed,2024-08-24
1208,1697,Cash,Completed,2025-02-08
1209,1753,Credit Card,Completed,2024-07-04
1210,536,Cash,Pending,2025-02-19
1211,552,Cash,Completed,2025-03-01
1212,927,Cash,Failed,2024-08-25
1213,1158,Cash,Completed,2024-11-17
1214,476,Credit Card,Completed,2024-07-16
1215,167,Cash,Completed,2024-12-05
1216,885,Credit Card,Completed,2024-08-09
1217,1195,Bank Transfer,Completed,2024-12-03
1218,337,Cash,Completed,2024-05-24
1219,2224,Bank Transfer,Completed,2024-04-24
1220,1550,Bank Transfer,Completed,2025-02-18
1221,71,PayPal,Completed,2024-12-04
1222,953,Bank Transfer,Failed,2024-11-25
1223,116,PayPal,Completed,2025-01-26
1224,976,PayPal,Pending,2025-02-26
1225,2088,Cash,Completed,2024-11-27
1226,1882,Bank Transfer,Pending,2024-12-29
1227,2475,Credit Card,Completed,2024-09-28
1228,508,Bank Transfer,Completed,2025-01-03
1229,770,Credit Card,Pending,2024-07-23
1230,167,Cash,Failed,2024-10-31
1231,2355,PayPal,Completed,2024-07-29
1232,102,PayPal,Completed,2024-10-12
1233,554,PayPal,Completed,2024-12-29
1234,2335,Cash,Completed,2024-11-21
1235,351,Cash,Completed,2025-01-10
1236,2179,Bank Transfer,Completed,2024-10-17
1237,981,Bank Transfer,Pending,2025-03-03
1238,713,Cash,Pending,2024-03-23
1239,907,PayPal,Completed,2024-12-09
1240,1012,Cash,Completed,2024-09-21
1241,1087,Bank Transfer,Completed,2024-05-19
1242,1476,Cash,Completed,2025-03-08
1243,798,Cash,Pending,2024-08-07
1244,1166,PayPal,Pending,2024-05-26
1245,1605,Bank Transfer,Completed,2024-07-13
1246,1075,Credit Card,Completed,2025-03-18
1247,1816,Credit Card,Completed,2024-05-10
1248,1230,Cash,Pending,2025-03-15
1249,1955,Bank Transfer,Completed,2024-05-18
1250,2323,Cash,Completed,2025-01-03
1251,867,Cash,Completed,2024-05-08
1252,43,Bank Transfer,Completed,2025-03-09
1253,2129,PayPal,Completed,2024-08-23
1254,553,Credit Card,Completed,2024-12-18
1255,2018,Credit Card,Completed,2024-04-09
1256,1841,Cash,Completed,2024-09-11
1257,1399,Cash,Completed,2024-07-31
1258,2006,PayPal,Completed,2024-10-02
1259,1365,Bank Transfer,Failed,2024-08-24
1260,1316,Credit Card,Completed,2024-07-03
1261,757,Bank Transfer,Completed,2024-09-16
1262,2013,PayPal,Completed,2024-07-06
1263,1556,Bank Transfer,Completed,2024-12-25
1264,1310,Cash,Completed,2024-06-19
1265,2210,Bank Transfer,Completed,2024-10-19
1266,2124,Credit Card,Completed,2024-06-23
1267,1780,Bank Transfer,Completed,2024-10-04
1268,430,PayPal,Completed,2024-09-26
1269,2296,PayPal,Completed,2024-10-31
1270,509,Bank Transfer,Completed,2024-12-04
1271,2450,Credit Card,Completed,2024-08-07
1272,1412,Bank Transfer,Completed,2024-12-08
1273,1680,PayPal,Completed,2024-08-29
1274,1781,Cash,Completed,2025-01-04
1275,164,Cash,Completed,2025-02-04
1276,1629,Cash,Completed,2025-03-12
1277,1966,Credit Card,Completed,2025-02-25
1278,617,PayPal,Completed,2024-12-06
1279,781,Cash,Completed,2024-08-03
1280,1330,Credit Card,Failed,2024-06-05
1281,603,PayPal,Completed,2024-10-20
1282,601,Credit Card,Completed,2025-01-09
1283,2242,Bank Transfer,Completed,2024-08-27
1284,1686,PayPal,Completed,2025-02-10
1285,1905,Bank Transfer,Completed,2025-03-22
1286,2069,Cash,Completed,2025-01-05
1287,126,PayPal,Completed,2024-12-28
1288,1717,Credit Card,Completed,2024-10-22
1289,1080,Bank Transfer,Completed,2024-10-01
1290,2376,Cash,Failed,2025-03-04
1291,2312,PayPal,Completed,2024-11-27
1292,1351,Bank Transfer,Completed,2024-07-19
1293,1299,Credit Card,Completed,2024-07-18
1294,1796,Bank Transfer,Pending,2025-01-01
1295,307,PayPal,Pending,2024-09-16
1296,295,Credit Card,Completed,2024-12-06
1297,660,Bank Transfer,Completed,2024-04-11
1298,140,Bank Transfer,Completed,2024-12-07
1299,140,Credit Card,Completed,2025-02-12
1300,1820,PayPal,Completed,2024-12-25
1301,896,PayPal,Completed,2024-04-03
1302,1521,PayPal,Completed,2024-06-25
1303,748,PayPal,Completed,2024-10-03
1304,1331,Credit Card,Completed,2025-01-20
1305,1072,PayPal,Completed,2024-04-30
1306,403,PayPal,Pending,2024-06-14
1307,1349,PayPal,Completed,2024-12-15
1308,418,PayPal,Completed,2024-08-27
1309,663,Bank Transfer,Completed,2024-05-14
1310,1617,Credit Card,Completed,2024-09-20
1311,459,Cash,Completed,2024-11-09
1312,1760,Credit Card,Completed,2025-03-11
1313,1750,Credit Card,Completed,2025-03-02
1314,706,Cash,Failed,2024-05-24
1315,2102,Credit Card,Completed,2024-09-28
1316,1543,Cash,Completed,2025-01-02
1317,1375,Cash,Pending,2024-10-07
1318,153,Bank Transfer,Completed,2024-10-22
1319,792,Cash,Completed,2025-02-27
1320,2073,Credit Card,Completed,2024-06-07
1321,1714,PayPal,Failed,2024-11-22
1322,1336,Cash,Completed,2024-11-24
1323,2181,PayPal,Completed,2024-06-06
1324,2209,Cash,Completed,2024-09-19
1325,613,Credit Card,Pending,2024-06-22
1326,1920,Bank Transfer,Completed,2025-02-03
1327,1328,PayPal,Completed,2024-09-05
1328,1351,Cash,Pending,2024-05-16
1329,436,PayPal,Failed,2024-08-25
1330,2200,Credit Card,Completed,2025-03-17
1331,680,Bank Transfer,Completed,2024-08-22
1332,453,Cash,Completed,2024-04-29
1333,1990,PayPal,Pending,2024-11-13
1334,1481,PayPal,Completed,2024-12-15
1335,469,Credit Card,Completed,2025-01-16
1336,2384,Bank Transfer,Pending,2024-06-02
1337,2030,Bank Transfer,Completed,2024-04-22
1338,1391,Bank Transfer,Completed,2024-09-22
1339,1378,Cash,Completed,2024-11-06
1340,1310,Cash,Failed,2024-05-08
1341,127,Bank Transfer,Completed,2024-12-19
1342,1624,PayPal,Failed,2024-03-22
1343,1850,PayPal,Completed,2025-03-11
1344,1230,Cash,Completed,2024-09-06
1345,374,PayPal,Completed,2024-12-16
1346,1112,Bank Transfer,Completed,2024-09-23
1347,1757,PayPal,Completed,2024-04-05
1348,307,Bank Transfer,Completed,2024-12-06
1349,2408,Bank Transfer,Completed,2024-06-13
1350,1685,Cash,Pending,2024-07-09
1351,1104,Credit Card,Completed,2024-12-11
1352,1387,Credit Card,Completed,2025-01-24
1353,1812,Cash,Completed,2024-11-07
1354,224,Credit Card,Completed,2024-08-29
1355,212,PayPal,Completed,2025-02-12
1356,2231,Bank Transfer,Completed,2025-02-27
1357,1875,Cash,Completed,2025-02-27
1358,1427,Cash,Completed,2024-04-30
1359,1723,Credit Card,Completed,2024-11-11
1360,1156,Cash,Completed,2025-01-20
1361,2098,Bank Transfer,Completed,2024-07-26
1362,1149,PayPal,Pending,2024-09-16
1363,695,Cash,Completed,2025-02-08
1364,505,Bank Transfer,Completed,2024-12-16
1365,1933,Credit Card,Completed,2024-06-28
1366,1018,Credit Card,Completed,2024-10-17
1367,1324,Cash,Completed,2025-03-11
1368,685,Bank Transfer,Failed,2024-10-22
1369,484,PayPal,Completed,2024-03-30
1370,384,PayPal,Completed,2024-05-16
1371,2423,PayPal,Failed,2024-04-17
1372,721,Credit Card,Completed,2024-08-31
1373,1496,Cash,Completed,2024-04-22
1374,341,Cash,Completed,2025-02-13
1375,202,Bank Transfer,Completed,2024-05-17
1376,1014,PayPal,Completed,2025-01-25
1377,1895,PayPal,Completed,2024-09-24
1378,1741,PayPal,Completed,2024-05-28
1379,1705,Bank Transfer,Completed,2024-12-28
1380,70,Bank Transfer,Pending,2024-11-09
1381,1877,Bank Transfer,Completed,2024-12-03
1382,1142,Credit Card,Completed,2024-05-20
1383,603,Cash,Completed,2024-07-17
1384,2241,Bank Transfer,Completed,2024-12-30
1385,1149,Bank Transfer,Completed,2024-08-13
1386,1435,PayPal,Completed,2024-08-18
1387,946,Bank Transfer,Completed,2024-05-22
1388,34,Bank Transfer,Completed,2024-07-22
1389,374,Cash,Completed,2024-04-28
1390,2359,Bank Transfer,Completed,2025-02-19
1391,239,Bank Transfer,Completed,2025-01-11
1392,1226,Cash,Failed,2024-12-26
1393,1934,Credit Card,Completed,2025-03-15
1394,27,PayPal,Completed,2024-04-08
1395,15,Credit Card,Completed,2025-01-13
1396,1242,Cash,Completed,2024-04-03
1397,37,Credit Card,Completed,2024-08-06
1398,2355,Cash,Completed,2024-07-11
1399,1593,Bank Transfer,Pending,2024-11-08
1400,1449,Bank Transfer,Completed,2024-06-03
1401,1803,Cash,Completed,2024-12-30
1402,233,PayPal,Completed,2024-06-16
1403,340,Credit Card,Completed,2024-09-29
1404,671,Credit Card,Pending,2025-01-19
1405,209,Cash,Completed,2024-07-12
1406,1579,Credit Card,Completed,2024-08-08
1407,2456,Credit Card,Completed,2025-02-25
1408,546,PayPal,Completed,2025-03-17
1409,544,PayPal,Completed,2024-07-13
1410,898,Credit Card,Completed,2024-08-10
1411,775,Bank Transfer,Completed,2024-10-07
1412,666,PayPal,Completed,2024-09-01
1413,120,Credit Card,Pending,2024-07-16
1414,2065,Credit Card,Completed,2025-02-26
1415,1431,Cash,Completed,2024-08-14
1416,327,Bank Transfer,Completed,2024-09-12
1417,1979,PayPal,Completed,2025-03-15
1418,169,PayPal,Pending,2024-05-03
1419,1150,Bank Transfer,Pending,2024-07-29
1420,1490,Cash,Completed,2024-10-23
1421,1081,PayPal,Completed,2025-01-06
1422,153,PayPal,Completed,2024-12-17
1423,129,Bank Transfer,Completed,2025-01-26
1424,2372,Credit Card,Completed,2024-10-06
1425,1727,Cash,Completed,2025-01-21
1426,2233,Cash,Completed,2024-11-07
1427,902,Credit Card,Completed,2024-04-11
1428,280,Cash,Failed,2024-08-22
1429,921,Cash,Completed,2024-11-15
1430,351,PayPal,Completed,2025-02-06
1431,1007,Cash,Completed,2024-09-18
1432,1634,Cash,Completed,2024-05-17
1433,390,Bank Transfer,Pending,2024-04-23
1434,1555,Credit Card,Completed,2024-10-14
1435,388,PayPal,Completed,2025-02-08
1436,1634,Credit Card,Completed,2024-10-24
1437,1940,PayPal,Completed,2024-09-06
1438,956,Bank Transfer,Completed,2024-10-30
1439,1957,Credit Card,Completed,2024-06-28
1440,1165,PayPal,Completed,2024-12-26
1441,695,PayPal,Pending,2024-11-22
1442,8,Cash,Completed,2024-09-23
1443,922,Cash,Completed,2024-10-24
1444,1956,Credit Card,Completed,2025-02-08
1445,2363,Cash,Completed,2024-08-03
1446,1838,Cash,Failed,2024-11-05
1447,772,PayPal,Completed,2024-05-20
1448,389,PayPal,Completed,2024-12-09
1449,429,PayPal,Failed,2024-04-03
1450,285,PayPal,Completed,2024-06-26
1451,1314,PayPal,Completed,2025-02-18
1452,367,Bank Transfer,Completed,2024-07-22
1453,2399,Cash,Pending,2025-01-14
1454,262,Credit Card,Completed,2024-04-29
1455,245,PayPal,Completed,2025-01-02
1456,156,Cash,Completed,2024-03-25
1457,281,Credit Card,Completed,2025-02-20
1458,25,Cash,Pending,2024-12-07
1459,1992,Bank Transfer,Completed,2024-08-01
1460,1715,Credit Card,Completed,2024-07-30
1461,334,Cash,Completed,2024-10-27
1462,1160,Credit Card,Completed,2024-12-03
1463,2112,Cash,Completed,2024-09-28
1464,2445,Cash,Completed,2024-10-20
1465,2293,Credit Card,Completed,2025-03-19
1466,1390,Credit Card,Completed,2024-06-24
1467,2437,Cash,Completed,2025-02-07
1468,404,PayPal,Completed,2024-09-18
1469,556,Credit Card,Completed,2025-03-22
1470,2290,Bank Transfer,Completed,2024-08-24
1471,398,Cash,Completed,2025-03-19
1472,654,Bank Transfer,Completed,2024-08-20
1473,120,Bank Transfer,Completed,2024-07-25
1474,883,Credit Card,Completed,2024-11-27
1475,2016,Bank Transfer,Completed,2024-10-03
1476,1623,PayPal,Completed,2024-05-28
1477,2355,Cash,Completed,2024-11-02
1478,1497,Credit Card,Completed,2024-10-23
1479,1280,Cash,Completed,2024-12-14
1480,2071,PayPal,Completed,2024-05-10
1481,1607,PayPal,Completed,2024-12-13
1482,54,PayPal,Completed,2024-11-24
1483,2245,Bank Transfer,Completed,2024-07-08
1484,1972,Credit Card,Completed,2024-11-29
1485,2048,Cash,Completed,2024-09-02
1486,1533,Credit Card,Pending,2024-06-03
1487,2055,PayPal,Pending,2025-02-24
1488,1972,Bank Transfer,Completed,2024-05-06
1489,343,Bank Transfer,Failed,2024-05-05
1490,1077,Cash,Pending,2024-10-23
1491,263,PayPal,Pending,2024-11-30
1492,580,Cash,Completed,2024-06-13
1493,2333,Credit Card,Pending,2024-06-19
1494,1412,Cash,Completed,2024-12-30
1495,2325,Credit Card,Completed,2024-08-15
1496,1455,Cash,Completed,2025-01-24
1497,1310,PayPal,Failed,2024-05-13
1498,735,PayPal,Completed,2024-11-16
1499,878,PayPal,Completed,2024-05-06
1500,2469,PayPal,Completed,2024-06-25
1501,484,Credit Card,Completed,2024-12-29
1502,677,Bank Transfer,Pending,2024-07-24
1503,613,Cash,Completed,2024-07-19
1504,1028,Credit Card,Completed,2024-10-29
1505,940,PayPal,Completed,2024-09-14
1506,1198,Credit Card,Completed,2025-03-22
1507,1902,PayPal,Pending,2024-12-26
1508,2209,Bank Transfer,Completed,2024-04-23
1509,1544,PayPal,Completed,2024-05-16
1510,1754,PayPal,Completed,2024-06-09
1511,1334,Credit Card,Completed,2024-08-01
1512,1226,Bank Transfer,Completed,2025-02-23
1513,1198,PayPal,Completed,2024-12-13
1514,354,Cash,Completed,2024-06-05
1515,1827,Credit Card,Completed,2024-09-26
1516,1579,PayPal,Completed,2025-03-02
1517,2438,Credit Card,Completed,2025-03-11
1518,2339,Credit Card,Pending,2024-04-07
1519,784,Bank Transfer,Pending,2024-11-02
1520,683,Credit Card,Completed,2024-06-25
1521,1286,PayPal,Failed,2024-06-03
1522,2245,Credit Card,Completed,2024-06-30
1523,133,Bank Transfer,Completed,2024-03-24
1524,1819,PayPal,Completed,2024-10-15
1525,2297,Cash,Completed,2024-06-23
1526,1499,PayPal,Completed,2025-01-21
1527,2478,Cash,Completed,2024-09-07
1528,629,Cash,Completed,2024-03-28
1529,2331,PayPal,Completed,2024-06-10
1530,2156,Cash,Pending,2024-04-02
1531,367,Credit Card,Completed,2024-05-09
1532,1084,Bank Transfer,Completed,2025-03-09
1533,1617,PayPal,Completed,2025-01-12
1534,2120,Bank Transfer,Completed,2025-01-01
1535,2372,Credit Card,Completed,2024-11-18
1536,1999,Credit Card,Completed,2024-10-18
1537,1532,Cash,Completed,2024-05-30
1538,893,Credit Card,Pending,2024-11-20
1539,2376,Cash,Completed,2025-02-15
1540,565,PayPal,Completed,2024-12-20
1541,2237,Credit Card,Completed,2024-05-13
1542,361,Credit Card,Completed,2024-05-20
1543,376,Cash,Pending,2024-08-03
1544,190,Cash,Completed,2024-10-28
1545,943,Bank Transfer,Completed,2025-02-11
1546,1240,Cash,Completed,2024-11-17
1547,1084,Bank Transfer,Completed,2025-02-22
1548,1737,Credit Card,Completed,2024-11-19
1549,2188,PayPal,Completed,2024-05-27
1550,1883,Cash,Completed,2024-11-10
1551,1025,Bank Transfer,Completed,2024-12-11
1552,1644,Cash,Completed,2024-07-23
1553,72,PayPal,Completed,2025-02-01
1554,1187,Credit Card,Completed,2024-07-15
1555,1501,Credit Card,Completed,2024-11-30
1556,897,Credit Card,Completed,2025-03-19
1557,779,Credit Card,Completed,2024-05-12
1558,1127,Bank Transfer,Completed,2024-05-31
1559,199,PayPal,Completed,2024-04-25
1560,2468,Cash,Completed,2024-12-14
1561,864,PayPal,Completed,2024-03-23
1562,2269,Cash,Completed,2024-06-09
1563,761,Cash,Completed,2024-07-23
1564,1454,PayPal,Failed,2024-10-07
1565,1290,Bank Transfer,Completed,2024-11-26
1566,1542,PayPal,Completed,2024-10-31
1567,1909,Bank Transfer,Completed,2024-10-18
1568,1964,Cash,Pending,2024-09-01
1569,1331,Bank Transfer,Pending,2024-10-21
1570,2444,Bank Transfer,Completed,2024-12-23
1571,137,PayPal,Completed,2024-10-13
1572,2044,Bank Transfer,Pending,2024-06-28
1573,1876,Credit Card,Completed,2025-01-03
1574,1024,Cash,Completed,2025-01-15
1575,421,PayPal,Pending,2024-12-18
1576,1779,Bank Transfer,Completed,2024-07-26
1577,321,Cash,Completed,2024-08-23
1578,605,Bank Transfer,Completed,2024-09-22
1579,511,Cash,Completed,2025-02-28
1580,1654,Bank Transfer,Completed,2024-10-08
1581,1374,Cash,Completed,2025-02-06
1582,417,Cash,Completed,2024-07-04
1583,1249,Bank Transfer,Completed,2025-03-18
1584,67,Bank Transfer,Completed,2024-04-14
1585,2289,Credit Card,Completed,2024-07-07
1586,1592,Credit Card,Completed,2024-08-08
1587,672,Credit Card,Completed,2024-08-20
1588,1025,PayPal,Completed,2024-08-08
1589,2072,Cash,Completed,2024-04-25
1590,180,PayPal,Completed,2024-07-21
1591,1681,Cash,Completed,2025-01-03
1592,474,Cash,Completed,2024-08-29
1593,1487,Cash,Completed,2025-01-11
1594,632,Cash,Completed,2025-01-06
1595,1886,Cash,Completed,2024-08-20
1596,24,Bank Transfer,Completed,2024-09-01
1597,1813,Bank Transfer,Completed,2024-08-16
1598,2497,Bank Transfer,Completed,2025-02-24
1599,2063,Bank Transfer,Completed,2024-06-23
1600,640,Bank Transfer,Completed,2025-02-03
1601,12,Credit Card,Completed,2024-05-18
1602,1022,Cash,Completed,2024-07-23
1603,957,PayPal,Completed,2025-03-21
1604,2172,PayPal,Completed,2024-06-05
1605,1208,Cash,Completed,2024-09-26
1606,2218,Bank Transfer,Completed,2024-08-04
1607,1154,Credit Card,Completed,2025-01-29
1608,108,Bank Transfer,Pending,2024-06-10
1609,2265,Bank Transfer,Completed,2024-06-21
1610,1292,Bank Transfer,Completed,2024-05-31
1611,1548,Cash,Completed,2024-05-25
1612,1820,Cash,Completed,2025-03-04
1613,204,Credit Card,Completed,2024-07-08
1614,142,PayPal,Completed,2025-02-18
1615,493,Cash,Completed,2024-06-06
1616,1484,Bank Transfer,Completed,2024-07-17
1617,840,PayPal,Completed,2024-07-01
1618,1159,PayPal,Completed,2025-01-17
1619,2347,PayPal,Completed,2024-08-21
1620,417,PayPal,Completed,2024-05-11
1621,2181,PayPal,Completed,2024-05-25
1622,438,Credit Card,Completed,2024-07-29
1623,647,Bank Transfer,Completed,2024-07-25
1624,1215,Credit Card,Pending,2024-11-27
1625,1982,Bank Transfer,Completed,2024-06-10
1626,2400,Credit Card,Completed,2024-08-07
1627,306,PayPal,Pending,2024-08-27
1628,544,Cash,Completed,2024-09-21
1629,243,Cash,Completed,2024-10-16
1630,1104,PayPal,Completed,2024-12-07
1631,1418,Credit Card,Completed,2024-09-10
1632,177,Cash,Completed,2024-06-20
1633,1137,PayPal,Completed,2024-05-05
1634,1351,Cash,Failed,2024-10-21
1635,2349,Credit Card,Completed,2024-05-01
1636,2172,PayPal,Pending,2024-11-17
1637,784,Bank Transfer,Completed,2024-09-08
1638,1896,Cash,Completed,2024-08-12
1639,1471,PayPal,Completed,2024-08-07
1640,922,Bank Transfer,Completed,2024-11-21
1641,1519,Credit Card,Completed,2025-02-20
1642,2358,Cash,Completed,2024-05-24
1643,917,Credit Card,Completed,2024-05-14
1644,2380,PayPal,Completed,2024-10-28
1645,342,Credit Card,Completed,2024-09-14
1646,341,Bank Transfer,Completed,2024-08-30
1647,1096,Bank Transfer,Completed,2024-11-29
1648,38,Bank Transfer,Completed,2024-03-29
1649,293,PayPal,Completed,2024-11-09
1650,912,Bank Transfer,Completed,2024-05-22
1651,448,PayPal,Completed,2024-05-08
1652,934,Credit Card,Completed,2024-03-24
1653,2215,PayPal,Pending,2024-09-21
1654,638,Credit Card,Completed,2024-11-20
1655,1636,Cash,Failed,2024-10-11
1656,1068,PayPal,Completed,2025-02-13
1657,1201,Bank Transfer,Pending,2024-06-25
1658,269,Cash,Completed,2024-04-01
1659,1364,PayPal,Completed,2024-07-22
1660,757,Credit Card,Completed,2024-11-21
1661,1273,Cash,Completed,2024-09-04
1662,1968,Bank Transfer,Completed,2024-08-22
1663,463,Cash,Completed,2024-05-09
1664,1403,Credit Card,Completed,2025-01-04
1665,590,Credit Card,Completed,2025-02-23
1666,342,Bank Transfer,Completed,2024-04-02
1667,1685,Cash,Completed,2025-03-10
1668,359,PayPal,Completed,2024-10-14
1669,840,Bank Transfer,Pending,2024-06-06
1670,2000,Cash,Completed,2024-04-09
1671,183,PayPal,Completed,2024-07-08
1672,2023,Credit Card,Completed,2025-01-02
1673,1388,Cash,Completed,2024-06-02
1674,2360,Cash,Completed,2024-08-13
1675,825,PayPal,Completed,2024-09-27
1676,1890,Credit Card,Completed,2024-07-06
1677,744,PayPal,Completed,2025-03-11
1678,1143,Bank Transfer,Completed,2024-07-10
1679,62,Cash,Completed,2024-12-07
1680,1592,Cash,Completed,2025-03-20
1681,1789,Cash,Completed,2025-03-20
1682,2259,Bank Transfer,Completed,2025-03-02
1683,1399,PayPal,Completed,2024-04-17
1684,201,PayPal,Completed,2024-10-18
1685,1269,Cash,Completed,2024-04-22
1686,1245,PayPal,Pending,2024-05-12
1687,109,Bank Transfer,Completed,2024-06-04
1688,419,PayPal,Pending,2024-05-04
1689,169,Credit Card,Completed,2024-05-21
1690,1374,PayPal,Completed,2024-11-07
1691,1068,Bank Transfer,Completed,2025-01-18
1692,1267,Credit Card,Completed,2024-04-29
1693,2301,Cash,Completed,2024-09-20
1694,643,Bank Transfer,Completed,2025-03-11
1695,1579,Credit Card,Completed,2024-12-19
1696,994,Credit Card,Completed,2024-08-27
1697,158,Credit Card,Completed,2024-05-26
1698,488,Credit Card,Failed,2024-05-12
1699,971,Credit Card,Completed,2024-07-09
1700,1027,Cash,Completed,2024-11-06
1701,1293,Cash,Completed,2025-03-08
1702,536,PayPal,Completed,2024-09-20
1703,707,Credit Card,Completed,2024-10-25
1704,309,Cash,Completed,2024-05-07
1705,978,PayPal,Completed,2024-10-29
1706,69,Cash,Completed,2024-04-14
1707,2087,PayPal,Completed,2024-07-04
1708,2316,PayPal,Completed,2024-11-12
1709,427,Cash,Completed,2024-09-23
1710,1730,Cash,Completed,2025-01-08
1711,829,Cash,Completed,2025-03-10
1712,1611,Bank Transfer,Completed,2024-05-09
1713,1500,Bank Transfer,Failed,2024-12-28
1714,263,Cash,Completed,2024-12-07
1715,2402,Cash,Completed,2024-05-18
1716,849,PayPal,Completed,2024-10-19
1717,1500,Bank Transfer,Completed,2024-09-29
1718,536,Credit Card,Completed,2025-02-18
1719,2383,Bank Transfer,Completed,2024-08-30
1720,1500,Cash,Completed,2024-08-13
1721,1960,Credit Card,Completed,2024-11-12
1722,1502,Cash,Completed,2024-06-12
1723,506,PayPal,Completed,2024-09-25
1724,1859,Credit Card,Completed,2024-08-07
1725,2138,PayPal,Completed,2024-06-14
1726,2370,Credit Card,Completed,2025-02-28
1727,2195,Cash,Completed,2025-03-05
1728,2465,PayPal,Failed,2024-07-16
1729,487,Credit Card,Completed,2025-02-13
1730,1635,Credit Card,Completed,2024-12-16
1731,1032,Credit Card,Completed,2024-04-27
1732,1117,PayPal,Completed,2024-07-08
1733,657,Bank Transfer,Completed,2024-07-05
1734,1062,PayPal,Failed,2024-05-19
1735,134,PayPal,Completed,2024-04-07
1736,1475,PayPal,Completed,2024-06-18
1737,1203,PayPal,Completed,2024-05-26
1738,381,PayPal,Completed,2024-05-22
1739,623,Credit Card,Completed,2024-08-16
1740,254,Bank Transfer,Completed,2024-12-02
1741,1445,PayPal,Pending,2024-06-14
1742,296,Credit Card,Completed,2024-04-04
1743,2412,PayPal,Completed,2024-10-13
1744,1756,PayPal,Completed,2025-02-10
1745,85,Cash,Completed,2024-04-01
1746,1771,Bank Transfer,Pending,2024-12-11
1747,957,Cash,Completed,2024-10-08
1748,9,Credit Card,Completed,2024-04-24
1749,164,Bank Transfer,Completed,2025-03-18
1750,1688,Credit Card,Completed,2024-12-27
1751,755,Cash,Completed,2024-09-27
1752,276,PayPal,Completed,2024-08-21
1753,2314,Credit Card,Completed,2025-01-03
1754,30,PayPal,Completed,2024-12-30
1755,1568,Credit Card,Completed,2024-05-22
1756,850,Credit Card,Completed,2024-08-29
1757,1356,Cash,Completed,2024-06-05
1758,312,Bank Transfer,Pending,2025-02-06
1759,828,Cash,Completed,2024-10-10
1760,1747,Credit Card,Completed,2024-09-12
1761,1966,PayPal,Failed,2025-02-13
1762,1974,Credit Card,Completed,2025-01-05
1763,2028,Credit Card,Failed,2024-09-14
1764,2066,Credit Card,Pending,2024-05-23
1765,1502,Bank Transfer,Failed,2024-08-27
1766,302,PayPal,Completed,2024-09-12
1767,2082,PayPal,Completed,2025-01-26
1768,922,PayPal,Failed,2024-03-29
1769,258,Cash,Pending,2024-10-22
1770,2096,Cash,Pending,2025-01-28
1771,309,Credit Card,Completed,2024-04-29
1772,980,PayPal,Completed,2024-11-11
1773,1093,PayPal,Completed,2024-05-21
1774,1808,Cash,Completed,2024-05-25
1775,1591,PayPal,Completed,2024-08-01
1776,1857,PayPal,Completed,2025-01-23
1777,1908,PayPal,Completed,2024-12-19
1778,428,Bank Transfer,Completed,2024-11-16
1779,1455,PayPal,Failed,2025-03-22
1780,2245,PayPal,Completed,2025-03-01
1781,1818,Credit Card,Completed,2024-09-12
1782,1160,PayPal,Completed,2025-02-12
1783,611,PayPal,Completed,2024-12-09
1784,1912,Bank Transfer,Pending,2024-11-12
1785,2149,Bank Transfer,Completed,2024-05-08
1786,2325,Cash,Completed,2025-01-15
1787,148,Bank Transfer,Completed,2024-05-22
1788,2255,PayPal,Completed,2024-10-10
1789,1277,Cash,Completed,2024-09-17
1790,1495,Bank Transfer,Completed,2024-05-11
1791,552,Cash,Completed,2024-04-25
1792,2077,Cash,Failed,2025-01-19
1793,2247,Cash,Completed,2024-06-02
1794,1428,Cash,Pending,2024-10-04
1795,1401,Cash,Completed,2025-02-07
1796,2116,Bank Transfer,Completed,2025-01-13
1797,2477,PayPal,Completed,2024-06-24
1798,3,Bank Transfer,Completed,2024-08-30
1799,979,Credit Card,Pending,2024-07-06
1800,1394,PayPal,Completed,2024-05-10
1801,1160,PayPal,Completed,2024-08-27
1802,2287,PayPal,Completed,2025-01-19
1803,1485,PayPal,Failed,2025-03-05
1804,1280,Cash,Completed,2024-12-28
1805,557,PayPal,Completed,2024-10-04
1806,257,Credit Card,Pending,2024-06-16
1807,1244,Cash,Completed,2024-12-01
1808,280,PayPal,Completed,2024-10-18
1809,2159,Credit Card,Completed,2024-05-15
1810,1245,Bank Transfer,Completed,2024-04-08
1811,570,Credit Card,Completed,2024-12-23
1812,465,Bank Transfer,Completed,2024-09-08
1813,1904,Bank Transfer,Completed,2024-12-04
1814,1212,PayPal,Failed,2025-02-25
1815,1466,Bank Transfer,Completed,2024-12-11
1816,610,Cash,Pending,2024-08-19
1817,946,Cash,Completed,2024-04-22
1818,2062,Credit Card,Completed,2024-10-24
1819,1623,PayPal,Completed,2024-06-19
1820,475,PayPal,Completed,2024-06-29
1821,114,Cash,Completed,2024-07-07
1822,2284,Cash,Completed,2024-11-19
1823,993,PayPal,Completed,2024-06-11
1824,2061,Bank Transfer,Completed,2024-10-04
1825,602,Credit Card,Completed,2024-09-12
1826,198,Credit Card,Completed,2024-05-27
1827,82,PayPal,Completed,2024-06-20
1828,2266,Credit Card,Pending,2024-04-28
1829,288,Bank Transfer,Completed,2024-04-18
1830,1159,Cash,Pending,2024-10-04
1831,2398,Credit Card,Completed,2024-09-03
1832,986,Credit Card,Completed,2024-08-29
1833,1305,PayPal,Completed,2024-09-20
1834,1677,Cash,Completed,2024-05-11
1835,1169,PayPal,Completed,2025-01-19
1836,2102,Cash,Completed,2024-11-16
1837,2029,Bank Transfer,Completed,2024-11-09
1838,2063,Cash,Completed,2024-06-29
1839,2007,Cash,Completed,2024-06-16
1840,2062,PayPal,Completed,2025-03-09
1841,2396,Bank Transfer,Completed,2024-06-25
1842,1571,PayPal,Pending,2024-07-08
1843,1763,PayPal,Failed,2024-10-29
1844,247,Cash,Completed,2024-06-13
1845,1935,Credit Card,Completed,2024-08-12
1846,1949,PayPal,Pending,2025-01-30
1847,1654,Credit Card,Failed,2024-12-30
1848,625,Credit Card,Failed,2024-12-01
1849,1118,PayPal,Completed,2024-06-20
1850,1555,PayPal,Completed,2025-02-03
1851,1644,Credit Card,Completed,2024-03-23
1852,353,Credit Card,Completed,2024-04-13
1853,620,Credit Card,Completed,2024-11-09
1854,876,Credit Card,Completed,2024-10-06
1855,493,Credit Card,Completed,2024-07-21
1856,1946,PayPal,Completed,2025-03-15
1857,1977,Bank Transfer,Completed,2024-04-17
1858,2216,Cash,Completed,2024-07-08
1859,1099,Bank Transfer,Completed,2025-03-08
1860,78,Bank Transfer,Completed,2025-02-08
1861,1231,Credit Card,Completed,2024-12-06
1862,864,PayPal,Completed,2024-05-31
1863,1103,Credit Card,Completed,2025-02-06
1864,684,Cash,Completed,2024-11-07
1865,1547,PayPal,Completed,2024-10-08
1866,1890,Credit Card,Failed,2025-02-09
1867,1431,Cash,Completed,2025-02-12
1868,2090,PayPal,Completed,2024-05-10
1869,94,Cash,Completed,2024-08-13
1870,2121,Credit Card,Completed,2025-02-22
1871,774,PayPal,Completed,2024-12-12
1872,1760,Credit Card,Completed,2024-07-20
1873,234,Credit Card,Completed,2025-02-05
1874,1740,Bank Transfer,Completed,2025-01-04
1875,649,Bank Transfer,Completed,2024-10-08
1876,2078,PayPal,Completed,2024-09-06
1877,1674,Bank Transfer,Completed,2024-12-18
1878,1172,Credit Card,Failed,2024-05-24
1879,219,Cash,Completed,2024-12-30
1880,1067,Cash,Completed,2024-05-19
1881,221,Credit Card,Failed,2024-12-25
1882,1303,PayPal,Completed,2024-10-07
1883,1174,Credit Card,Pending,2024-11-24
1884,420,Credit Card,Completed,2024-10-30
1885,2404,Credit Card,Completed,2024-10-21
1886,411,Credit Card,Completed,2025-01-17
1887,1975,Bank Transfer,Pending,2024-06-12
1888,1188,Cash,Completed,2024-08-31
1889,1074,Credit Card,Pending,2025-02-08
1890,1830,Cash,Completed,2025-02-11
1891,852,PayPal,Completed,2025-01-29
1892,321,Credit Card,Completed,2024-05-04
1893,1512,Credit Card,Completed,2024-12-24
1894,156,Credit Card,Completed,2025-03-05
1895,580,Cash,Completed,2024-04-30
1896,2057,Bank Transfer,Completed,2024-04-13
1897,13,Bank Transfer,Completed,2024-11-22
1898,349,Credit Card,Completed,2024-07-12
1899,1321,Bank Transfer,Completed,2024-06-11
1900,642,PayPal,Completed,2024-04-23
1901,471,Credit Card,Completed,2024-09-24
1902,2075,Bank Transfer,Completed,2025-01-16
1903,1158,Credit Card,Failed,2024-08-16
1904,1319,PayPal,Completed,2024-05-22
1905,1397,Cash,Pending,2024-04-26
1906,146,Cash,Completed,2025-03-14
1907,2460,Cash,Completed,2024-06-25
1908,2415,Credit Card,Completed,2024-09-27
1909,1534,Cash,Completed,2024-06-09
1910,1074,PayPal,Completed,2024-08-04
1911,1581,PayPal,Completed,2025-03-13
1912,1172,PayPal,Failed,2025-03-03
1913,1633,Bank Transfer,Completed,2024-05-07
1914,2486,Credit Card,Completed,2024-06-08
1915,474,Credit Card,Completed,2024-06-13
1916,1435,Cash,Completed,2024-05-16
1917,1755,Credit Card,Completed,2024-05-27
1918,1117,PayPal,Completed,2024-11-15
1919,485,Credit Card,Failed,2024-08-18
1920,127,Bank Transfer,Pending,2025-01-30
1921,1945,Cash,Pending,2025-01-17
1922,1978,Cash,Completed,2024-04-30
1923,932,PayPal,Completed,2024-12-04
1924,2124,PayPal,Completed,2024-12-03
1925,722,Cash,Completed,2024-07-29
1926,138,Cash,Completed,2024-10-29
1927,2427,Bank Transfer,Completed,2025-02-24
1928,466,Credit Card,Completed,2025-03-07
1929,1267,Cash,Completed,2024-07-19
1930,1095,Bank Transfer,Completed,2024-04-20
1931,803,PayPal,Completed,2024-12-14
1932,617,Credit Card,Completed,2024-08-08
1933,4,Bank Transfer,Failed,2024-05-22
1934,2054,Cash,Completed,2025-02-09
1935,1546,PayPal,Completed,2024-03-29
1936,291,Bank Transfer,Completed,2024-05-13
1937,1791,Credit Card,Pending,2024-08-16
1938,248,Credit Card,Pending,2025-03-20
1939,1637,Bank Transfer,Pending,2024-04-04
1940,1021,Bank Transfer,Completed,2024-08-29
1941,1691,Credit Card,Completed,2024-08-24
1942,499,Credit Card,Completed,2025-02-10
1943,2330,Bank Transfer,Completed,2024-06-03
1944,742,Bank Transfer,Completed,2024-09-03
1945,1458,Bank Transfer,Completed,2024-11-10
1946,235,Cash,Pending,2024-10-12
1947,1278,Cash,Completed,2024-08-19
1948,1871,PayPal,Completed,2024-06-01
1949,1332,Credit Card,Completed,2024-04-08
1950,1928,PayPal,Completed,2024-06-29
1951,2209,Bank Transfer,Completed,2025-03-11
1952,599,Credit Card,Completed,2024-12-18
1953,789,PayPal,Pending,2025-01-13
1954,1037,PayPal,Completed,2024-06-05
1955,1364,Cash,Failed,2025-03-01
1956,715,Cash,Completed,2024-06-07
1957,799,Bank Transfer,Completed,2024-09-27
1958,2043,Bank Transfer,Completed,2024-05-19
1959,589,Cash,Completed,2025-02-11
1960,2332,PayPal,Completed,2024-05-01
1961,1309,Credit Card,Pending,2024-11-01
1962,2090,Cash,Completed,2024-10-28
1963,2198,Credit Card,Completed,2025-01-05
1964,1218,Bank Transfer,Completed,2024-12-10
1965,695,Bank Transfer,Completed,2025-03-01
1966,1675,Bank Transfer,Completed,2024-07-26
1967,2378,Credit Card,Pending,2024-04-10
1968,293,Credit Card,Completed,2024-03-25
1969,390,Cash,Completed,2024-04-01
1970,774,Bank Transfer,Pending,2024-08-09
1971,1062,Cash,Completed,2024-06-08
1972,878,Cash,Completed,2024-08-25
1973,2241,Credit Card,Completed,2024-07-22
1974,936,Credit Card,Completed,2024-08-14
1975,1851,Cash,Completed,2024-07-20
1976,1186,Credit Card,Completed,2024-07-17
1977,1028,PayPal,Completed,2024-09-13
1978,393,Cash,Failed,2024-11-23
1979,273,Cash,Completed,2024-05-07
1980,33,Cash,Completed,2024-11-23
1981,1719,Cash,Completed,2024-10-03
1982,2018,Cash,Completed,2024-11-05
1983,64,Cash,Completed,2024-11-10
1984,1264,Credit Card,Completed,2024-07-05
1985,1225,Credit Card,Completed,2024-03-23
1986,368,Credit Card,Completed,2025-01-31
1987,686,PayPal,Completed,2025-02-24
1988,279,Cash,Completed,2024-04-01
1989,530,Bank Transfer,Completed,2025-01-06
1990,2193,PayPal,Completed,2025-01-08
1991,767,Credit Card,Completed,2025-03-12
1992,2139,Credit Card,Completed,2025-02-13
1993,908,Bank Transfer,Completed,2024-08-27
1994,2349,Cash,Completed,2024-12-27
1995,1947,Bank Transfer,Completed,2025-01-13
1996,817,Cash,Completed,2024-06-02
1997,1625,PayPal,Completed,2024-11-09
1998,2140,PayPal,Completed,2024-12-13
1999,1161,Credit Card,Pending,2024-10-22
2000,6,Bank Transfer,Completed,2024-04-29
2001,1358,PayPal,Completed,2025-01-08
2002,389,Bank Transfer,Completed,2024-04-22
2003,1122,Credit Card,Completed,2024-05-12
2004,1785,PayPal,Completed,2024-03-22
2005,388,PayPal,Completed,2024-05-02
2006,250,Bank Transfer,Completed,2024-12-11
2007,1610,Credit Card,Completed,2025-03-01
2008,882,Credit Card,Completed,2024-10-26
2009,1109,Bank Transfer,Pending,2024-08-24
2010,1476,Credit Card,Completed,2025-01-19
2011,1141,Cash,Completed,2024-08-27
2012,214,Credit Card,Completed,2024-12-12
2013,515,Credit Card,Completed,2024-05-05
2014,1412,Cash,Completed,2024-05-07
2015,1033,Credit Card,Completed,2024-09-01
2016,64,Cash,Completed,2024-04-25
2017,1178,Credit Card,Failed,2024-05-26
2018,1708,Bank Transfer,Completed,2024-08-25
2019,2283,Bank Transfer,Completed,2024-06-11
2020,1885,PayPal,Completed,2024-11-29
2021,759,Cash,Completed,2024-12-29
2022,653,Cash,Completed,2024-12-28
2023,2031,Bank Transfer,Completed,2024-11-19
2024,250,Cash,Completed,2024-12-27
2025,1471,Bank Transfer,Completed,2024-07-19
2026,1735,Credit Card,Completed,2024-09-25
2027,1875,Bank Transfer,Completed,2024-09-12
2028,1028,Cash,Completed,2024-07-31
2029,58,PayPal,Completed,2024-10-29
2030,2083,PayPal,Completed,2025-01-21
2031,1441,Credit Card,Completed,2024-12-05
2032,2431,Cash,Completed,2024-10-25
2033,143,Credit Card,Completed,2024-12-22
2034,958,Credit Card,Completed,2024-08-24
2035,2131,Cash,Completed,2025-03-16
2036,270,Bank Transfer,Completed,2024-04-10
2037,2229,Bank Transfer,Completed,2024-10-22
2038,383,Cash,Completed,2024-05-16
2039,2065,Credit Card,Completed,2024-12-29
2040,1982,Credit Card,Completed,2024-05-10
2041,295,Credit Card,Completed,2024-12-07
2042,103,Bank Transfer,Completed,2024-10-29
2043,278,Cash,Completed,2024-05-07
2044,1621,Bank Transfer,Completed,2024-08-16
2045,262,Credit Card,Completed,2024-09-29
2046,595,Cash,Completed,2025-01-14
2047,1884,Bank Transfer,Pending,2025-03-08
2048,1006,PayPal,Completed,2024-11-05
2049,2461,Bank Transfer,Completed,2024-05-08
2050,134,Credit Card,Completed,2025-01-21
2051,540,Bank Transfer,Pending,2024-12-12
2052,1959,PayPal,Completed,2024-12-16
2053,1355,Cash,Completed,2024-11-10
2054,412,Credit Card,Completed,2024-06-09
2055,259,PayPal,Completed,2025-02-20
2056,949,Credit Card,Completed,2024-10-22
2057,505,Cash,Completed,2024-05-08
2058,506,PayPal,Completed,2024-06-08
2059,859,Credit Card,Pending,2025-02-01
2060,972,Bank Transfer,Completed,2024-04-29
2061,2256,Cash,Completed,2024-05-21
2062,2351,PayPal,Completed,2024-04-18
2063,1117,Credit Card,Failed,2024-05-12
2064,515,PayPal,Completed,2025-01-13
2065,447,Cash,Completed,2025-03-05
2066,1386,Credit Card,Completed,2024-11-15
2067,1137,PayPal,Completed,2024-12-16
2068,1527,Cash,Completed,2024-11-22
2069,1234,Bank Transfer,Completed,2024-05-29
2070,925,PayPal,Completed,2025-02-09
2071,447,Bank Transfer,Completed,2024-10-05
2072,70,Cash,Completed,2024-06-03
2073,2337,Cash,Completed,2024-11-19
2074,715,Bank Transfer,Completed,2024-07-30
2075,1983,Cash,Completed,2024-11-20
2076,1696,Cash,Completed,2024-08-21
2077,988,Credit Card,Completed,2024-08-16
2078,1065,Credit Card,Completed,2024-07-13
2079,1161,PayPal,Completed,2024-06-18
2080,2342,PayPal,Completed,2024-12-25
2081,684,PayPal,Completed,2024-06-02
2082,1380,PayPal,Completed,2025-01-07
2083,1449,Credit Card,Completed,2025-03-10
2084,1771,Bank Transfer,Completed,2024-06-18
2085,823,Bank Transfer,Completed,2025-02-14
2086,2396,Bank Transfer,Completed,2025-02-12
2087,121,Bank Transfer,Completed,2024-09-25
2088,538,Bank Transfer,Completed,2024-06-09
2089,671,Cash,Completed,2025-02-26
2090,252,PayPal,Completed,2024-09-29
2091,2238,PayPal,Completed,2024-08-05
2092,169,Credit Card,Pending,2024-06-09
2093,2434,Cash,Completed,2024-10-04
2094,1207,Credit Card,Completed,2024-10-10
2095,91,Cash,Completed,2024-11-22
2096,145,Bank Transfer,Completed,2024-12-26
2097,243,Credit Card,Completed,2024-08-01
2098,208,Cash,Completed,2024-11-30
2099,1308,PayPal,Completed,2024-06-09
2100,910,PayPal,Pending,2025-02-10
2101,1434,Cash,Failed,2024-07-09
2102,280,Bank Transfer,Completed,2025-03-02
2103,1942,Bank Transfer,Completed,2025-01-12
2104,1184,Credit Card,Completed,2024-12-06
2105,1437,Credit Card,Completed,2024-08-29
2106,1221,Cash,Completed,2025-01-31
2107,1666,Cash,Completed,2025-03-10
2108,1972,PayPal,Completed,2024-04-07
2109,375,PayPal,Completed,2024-10-01
2110,1163,Bank Transfer,Completed,2024-09-23
2111,1881,Cash,Completed,2024-11-30
2112,1705,PayPal,Completed,2024-11-18
2113,2378,Bank Transfer,Failed,2024-05-28
2114,260,Credit Card,Completed,2024-04-08
2115,1779,Credit Card,Completed,2024-10-18
2116,443,Credit Card,Completed,2024-08-13
2117,635,Cash,Completed,2024-09-15
2118,2109,Credit Card,Completed,2024-06-22
2119,473,Credit Card,Completed,2024-07-25
2120,1323,Bank Transfer,Completed,2024-07-27
2121,1529,Bank Transfer,Completed,2024-03-23
2122,1367,Credit Card,Completed,2024-07-05
2123,648,Bank Transfer,Completed,2024-08-17
2124,2193,Bank Transfer,Completed,2024-07-13
2125,1203,Cash,Completed,2024-12-19
2126,2238,PayPal,Completed,2025-01-26
2127,681,Credit Card,Pending,2024-12-28
2128,1626,Cash,Completed,2025-03-01
2129,1339,Bank Transfer,Completed,2024-05-06
2130,2418,Cash,Completed,2024-12-13
2131,480,Credit Card,Completed,2025-03-10
2132,1705,Bank Transfer,Failed,2024-10-31
2133,2038,Credit Card,Completed,2024-03-29
2134,1562,Cash,Completed,2024-08-17
2135,339,Credit Card,Completed,2024-07-28
2136,560,Bank Transfer,Completed,2024-04-04
2137,1414,Bank Transfer,Completed,2024-10-10
2138,351,PayPal,Completed,2024-12-07
2139,862,Credit Card,Completed,2024-11-10
2140,932,PayPal,Pending,2024-10-26
2141,785,Bank Transfer,Completed,2024-04-13
2142,2162,Credit Card,Completed,2024-08-26
2143,1608,PayPal,Completed,2025-02-28
2144,2459,Bank Transfer,Completed,2024-07-29
2145,1236,Credit Card,Completed,2024-08-22
2146,2244,Bank Transfer,Completed,2024-09-17
2147,678,Credit Card,Completed,2024-04-04
2148,1317,PayPal,Completed,2024-07-05
2149,857,Cash,Pending,2024-10-17
2150,409,Cash,Completed,2024-04-12
2151,166,Bank Transfer,Completed,2024-08-03
2152,2213,PayPal,Completed,2024-09-20
2153,2359,Credit Card,Completed,2024-06-26
2154,1674,Bank Transfer,Completed,2024-12-19
2155,2280,Credit Card,Completed,2024-10-09
2156,680,Bank Transfer,Completed,2024-06-21
2157,225,Credit Card,Completed,2024-12-27
2158,2435,PayPal,Completed,2024-12-24
2159,1553,Cash,Completed,2024-06-05
2160,1465,Credit Card,Completed,2024-03-22
2161,748,Credit Card,Completed,2024-04-26
2162,1548,Bank Transfer,Completed,2025-02-11
2163,2352,Credit Card,Completed,2024-10-08
2164,806,Credit Card,Completed,2025-02-03
2165,245,PayPal,Completed,2024-05-08
2166,2302,Cash,Completed,2024-07-21
2167,78,Bank Transfer,Completed,2024-08-11
2168,1421,Credit Card,Completed,2024-10-21
2169,1030,PayPal,Completed,2024-10-05
2170,2358,PayPal,Completed,2024-07-23
2171,555,Credit Card,Completed,2024-05-22
2172,1654,Credit Card,Completed,2024-10-11
2173,150,PayPal,Completed,2024-12-13
2174,973,PayPal,Completed,2024-05-16
2175,852,Cash,Completed,2024-06-12
2176,2035,Credit Card,Pending,2024-09-19
2177,401,PayPal,Completed,2024-12-13
2178,657,Bank Transfer,Completed,2024-03-25
2179,1494,PayPal,Completed,2025-02-13
2180,1069,PayPal,Completed,2024-08-17
2181,536,Cash,Completed,2025-02-18
2182,655,Cash,Completed,2024-09-23
2183,245,Credit Card,Completed,2024-07-17
2184,2486,Cash,Completed,2024-12-20
2185,420,PayPal,Completed,2024-04-25
2186,225,PayPal,Completed,2024-10-23
2187,429,Credit Card,Completed,2024-08-20
2188,1569,PayPal,Completed,2024-11-07
2189,1514,Credit Card,Completed,2025-02-10
2190,1062,Bank Transfer,Completed,2024-03-31
2191,1253,PayPal,Completed,2024-06-30
2192,2339,Credit Card,Completed,2024-06-15
2193,1294,PayPal,Completed,2024-05-29
2194,1304,Credit Card,Completed,2025-03-11
2195,264,Bank Transfer,Completed,2024-09-29
2196,940,Credit Card,Failed,2024-08-21
2197,961,Bank Transfer,Completed,2024-09-01
2198,999,PayPal,Completed,2025-01-23
2199,650,Credit Card,Completed,2024-04-24
2200,2288,PayPal,Completed,2024-06-07
2201,2491,Credit Card,Completed,2024-09-26
2202,2454,Cash,Pending,2024-11-11
2203,1964,Bank Transfer,Pending,2025-02-24
2204,1610,Bank Transfer,Pending,2024-08-23
2205,1474,Cash,Completed,2024-11-09
2206,2349,Cash,Completed,2025-01-24
2207,2089,Cash,Pending,2024-12-16
2208,1319,Cash,Completed,2024-03-22
2209,925,Cash,Completed,2024-07-28
2210,2231,Cash,Completed,2024-10-19
2211,1157,Bank Transfer,Completed,2024-10-09
2212,514,Credit Card,Failed,2024-08-29
2213,315,Cash,Pending,2024-12-20
2214,2125,PayPal,Completed,2024-04-02
2215,2468,PayPal,Pending,2024-07-31
2216,1709,PayPal,Completed,2024-08-12
2217,1895,PayPal,Completed,2024-08-22
2218,1194,Bank Transfer,Completed,2024-12-20
2219,2420,Credit Card,Completed,2024-04-13
2220,1213,Credit Card,Completed,2025-03-22
2221,1124,Credit Card,Completed,2024-09-13
2222,1383,Cash,Completed,2025-02-15
2223,1623,Cash,Completed,2025-03-20
2224,2126,Credit Card,Completed,2024-06-21
2225,1110,Bank Transfer,Completed,2025-03-18
2226,714,Bank Transfer,Completed,2024-07-01
2227,1895,Credit Card,Completed,2025-01-19
2228,146,Credit Card,Pending,2024-08-29
2229,36,PayPal,Completed,2024-04-09
2230,216,PayPal,Completed,2024-07-27
2231,1321,Credit Card,Completed,2025-01-08
2232,1658,Bank Transfer,Completed,2025-01-07
2233,1337,Bank Transfer,Completed,2025-02-11
2234,748,Cash,Completed,2024-07-26
2235,503,Credit Card,Completed,2024-12-19
2236,2448,PayPal,Completed,2024-10-13
2237,1565,PayPal,Pending,2024-09-06
2238,783,PayPal,Completed,2024-09-06
2239,1891,Bank Transfer,Completed,2024-12-29
2240,408,Bank Transfer,Completed,2024-07-17
2241,1681,Credit Card,Completed,2024-12-05
2242,1479,Credit Card,Completed,2024-11-20
2243,1068,Credit Card,Completed,2024-05-15
2244,2076,Cash,Completed,2024-08-30
2245,1982,PayPal,Completed,2024-08-18
2246,1041,PayPal,Completed,2025-01-03
2247,2420,Bank Transfer,Completed,2024-10-14
2248,1210,PayPal,Completed,2025-02-28
2249,991,Cash,Completed,2025-01-13
2250,245,PayPal,Pending,2024-12-22
2251,2233,Credit Card,Completed,2024-12-06
2252,138,Credit Card,Completed,2024-05-25
2253,123,PayPal,Completed,2024-06-03
2254,538,Cash,Completed,2024-09-08
2255,910,Credit Card,Completed,2024-04-14
2256,1946,Cash,Completed,2024-06-25
2257,1202,Credit Card,Completed,2025-02-17
2258,1904,PayPal,Completed,2024-08-11
2259,1791,Cash,Completed,2025-03-06
2260,136,Credit Card,Failed,2024-09-25
2261,290,Bank Transfer,Completed,2024-05-28
2262,1479,Cash,Completed,2024-10-03
2263,1625,PayPal,Pending,2024-10-26
2264,1593,PayPal,Pending,2024-10-12
2265,163,PayPal,Pending,2024-11-12
2266,1052,Cash,Completed,2024-05-30
2267,1777,PayPal,Completed,2024-05-10
2268,1735,PayPal,Completed,2024-09-14
2269,1118,Bank Transfer,Completed,2025-03-13
2270,58,Cash,Completed,2024-07-29
2271,2161,Credit Card,Completed,2024-06-10
2272,1676,Bank Transfer,Completed,2024-04-14
2273,838,Credit Card,Pending,2024-11-25
2274,306,Bank Transfer,Completed,2024-12-11
2275,801,Bank Transfer,Completed,2024-06-05
2276,1909,Cash,Completed,2025-03-12
2277,198,Credit Card,Completed,2024-05-25
2278,2304,Credit Card,Completed,2025-01-12
2279,985,Cash,Completed,2024-11-08
2280,1767,Credit Card,Completed,2024-07-31
2281,837,Credit Card,Completed,2024-05-10
2282,1582,Bank Transfer,Completed,2024-09-14
2283,2337,Credit Card,Failed,2024-03-23
2284,110,Credit Card,Completed,2025-03-11
2285,1204,PayPal,Completed,2024-11-20
2286,2407,Credit Card,Completed,2024-12-06
2287,1620,PayPal,Completed,2025-01-18
2288,1028,Bank Transfer,Completed,2025-02-23
2289,2141,Credit Card,Completed,2024-04-26
2290,1725,Bank Transfer,Completed,2024-11-22
2291,349,Credit Card,Completed,2024-10-11
2292,1475,Cash,Completed,2025-02-10
2293,433,Credit Card,Completed,2025-03-02
2294,739,Cash,Completed,2024-07-22
2295,632,PayPal,Pending,2024-04-25
2296,369,Credit Card,Completed,2024-08-16
2297,1284,Cash,Pending,2024-07-09
2298,783,Cash,Completed,2024-12-23
2299,249,Cash,Failed,2024-12-14
2300,2441,Credit Card,Completed,2024-05-07
2301,1667,PayPal,Completed,2024-09-02
2302,1653,Cash,Completed,2024-06-19
2303,1438,Cash,Completed,2025-01-02
2304,897,Cash,Completed,2024-04-18
2305,2400,Bank Transfer,Completed,2025-03-12
2306,652,Credit Card,Pending,2024-03-23
2307,1030,Credit Card,Completed,2025-01-19
2308,644,Bank Transfer,Completed,2024-05-01
2309,347,Credit Card,Pending,2025-03-18
2310,1427,PayPal,Completed,2024-12-27
2311,556,Credit Card,Completed,2024-08-28
2312,506,Cash,Completed,2024-04-15
2313,871,PayPal,Completed,2024-03-27
2314,1199,Bank Transfer,Completed,2024-03-23
2315,1201,Bank Transfer,Completed,2024-07-12
2316,2028,Cash,Completed,2024-08-27
2317,353,Credit Card,Completed,2024-04-16
2318,858,PayPal,Completed,2024-06-27
2319,207,Credit Card,Failed,2024-12-10
2320,1134,Credit Card,Completed,2024-07-02
2321,557,Bank Transfer,Completed,2024-08-31
2322,725,PayPal,Pending,2024-10-07
2323,1493,Credit Card,Completed,2024-08-08
2324,1207,PayPal,Completed,2025-01-28
2325,1852,Cash,Failed,2025-03-19
2326,1609,Bank Transfer,Completed,2024-05-24
2327,2245,PayPal,Completed,2024-09-17
2328,1562,Bank Transfer,Completed,2025-01-27
2329,943,Bank Transfer,Failed,2024-08-03
2330,2412,PayPal,Completed,2024-06-10
2331,2245,PayPal,Completed,2024-11-13
2332,27,Credit Card,Completed,2024-11-29
2333,1102,Bank Transfer,Completed,2024-09-01
2334,2136,Credit Card,Completed,2024-07-25
2335,247,Cash,Completed,2024-07-16
2336,185,Bank Transfer,Completed,2024-04-17
2337,1596,Cash,Completed,2024-08-24
2338,71,Credit Card,Completed,2024-05-02
2339,1435,Cash,Pending,2024-07-21
2340,545,Credit Card,Completed,2024-11-08
2341,2438,Cash,Completed,2024-08-31
2342,1760,Cash,Completed,2024-12-30
2343,2077,Cash,Completed,2024-06-11
2344,2279,Cash,Completed,2024-12-24
2345,1757,PayPal,Completed,2024-12-17
2346,322,PayPal,Completed,2024-07-16
2347,2380,Bank Transfer,Completed,2024-11-28
2348,1853,Cash,Completed,2024-07-31
2349,1980,Cash,Completed,2024-06-01
2350,642,Cash,Completed,2024-04-02
2351,2447,PayPal,Pending,2024-10-24
2352,437,PayPal,Failed,2024-08-15
2353,1893,PayPal,Completed,2024-10-21
2354,2200,Bank Transfer,Completed,2024-07-20
2355,1368,Cash,Completed,2024-08-13
2356,1766,Cash,Completed,2024-06-06
2357,494,Credit Card,Failed,2024-12-06
2358,34,Bank Transfer,Completed,2025-01-23
2359,1308,Cash,Completed,2024-12-24
2360,1996,Credit Card,Completed,2024-12-23
2361,2390,PayPal,Completed,2024-06-06
2362,312,Bank Transfer,Completed,2024-09-28
2363,993,Bank Transfer,Completed,2024-03-24
2364,2032,Credit Card,Completed,2024-05-09
2365,2187,Credit Card,Completed,2024-05-20
2366,1369,Credit Card,Completed,2024-09-14
2367,2079,PayPal,Completed,2024-12-30
2368,2188,Credit Card,Pending,2024-09-26
2369,43,PayPal,Completed,2025-02-02
2370,1427,Cash,Completed,2025-03-18
2371,1780,Bank Transfer,Completed,2025-03-02
2372,2127,Cash,Completed,2025-03-13
2373,2482,Cash,Completed,2025-03-11
2374,1923,PayPal,Completed,2025-01-26
2375,630,PayPal,Completed,2025-01-31
2376,1521,PayPal,Completed,2024-09-19
2377,506,PayPal,Completed,2025-01-26
2378,2121,Cash,Pending,2024-10-01
2379,1677,PayPal,Completed,2024-05-08
2380,1450,Credit Card,Completed,2025-01-11
2381,2100,Credit Card,Completed,2024-04-18
2382,483,Bank Transfer,Completed,2025-01-01
2383,1623,Bank Transfer,Completed,2024-07-23
2384,307,Cash,Pending,2024-06-07
2385,981,PayPal,Completed,2024-09-13
2386,2445,Bank Transfer,Completed,2025-01-25
2387,266,Cash,Pending,2025-01-21
2388,1588,Cash,Completed,2025-01-23
2389,1234,Bank Transfer,Failed,2024-06-05
2390,1623,Bank Transfer,Completed,2024-05-03
2391,2185,Cash,Pending,2025-03-17
2392,2238,Cash,Completed,2024-10-16
2393,63,Cash,Completed,2025-01-22
2394,2473,Cash,Completed,2024-12-29
2395,663,Bank Transfer,Completed,2024-11-23
2396,1472,Bank Transfer,Pending,2024-11-10
2397,1238,Credit Card,Completed,2024-05-15
2398,1966,Credit Card,Pending,2024-08-18
2399,390,Credit Card,Completed,2024-10-06
2400,2388,Cash,Completed,2024-05-22
2401,2014,Credit Card,Completed,2025-01-13
2402,2475,Cash,Completed,2025-02-01
2403,1668,PayPal,Completed,2025-03-12
2404,1029,Credit Card,Completed,2025-01-20
2405,680,Credit Card,Completed,2024-11-24
2406,1652,Cash,Completed,2024-09-16
2407,2029,Bank Transfer,Completed,2025-02-16
2408,1748,Cash,Completed,2024-10-22
2409,297,PayPal,Failed,2024-04-18
2410,956,PayPal,Completed,2024-08-31
2411,1329,PayPal,Completed,2024-12-09
2412,850,Credit Card,Completed,2024-04-29
2413,2262,Bank Transfer,Completed,2024-10-18
2414,1434,Credit Card,Pending,2025-02-15
2415,734,PayPal,Completed,2024-11-22
2416,1674,Credit Card,Completed,2024-10-11
2417,1648,PayPal,Completed,2024-09-26
2418,1178,Cash,Completed,2024-05-30
2419,1053,PayPal,Completed,2025-01-13
2420,1542,Cash,Completed,2024-06-08
2421,1822,Bank Transfer,Pending,2024-06-05
2422,1462,PayPal,Completed,2024-12-04
2423,1534,PayPal,Completed,2025-02-19
2424,1623,Bank Transfer,Completed,2024-04-23
2425,163,Credit Card,Completed,2025-01-05
2426,43,PayPal,Completed,2024-07-22
2427,527,Credit Card,Completed,2024-07-25
2428,1607,Cash,Completed,2024-10-20
2429,979,Credit Card,Failed,2024-06-15
2430,1353,Bank Transfer,Completed,2024-11-14
2431,1630,Credit Card,Completed,2024-12-24
2432,28,Cash,Completed,2024-06-30
2433,161,PayPal,Completed,2024-06-11
2434,315,Credit Card,Completed,2025-01-03
2435,2381,Bank Transfer,Completed,2024-12-16
2436,909,Bank Transfer,Completed,2025-02-24
2437,1686,Bank Transfer,Completed,2024-06-23
2438,2293,Cash,Completed,2024-11-18
2439,1526,Cash,Completed,2024-10-03
2440,995,Credit Card,Completed,2024-11-09
2441,1336,Bank Transfer,Completed,2024-07-16
2442,1500,Cash,Failed,2024-04-06
2443,2060,Bank Transfer,Completed,2024-09-16
2444,703,Bank Transfer,Completed,2024-11-10
2445,1881,Cash,Pending,2024-08-25
2446,2334,Credit Card,Completed,2024-04-23
2447,1750,Bank Transfer,Completed,2025-02-27
2448,1562,Bank Transfer,Completed,2024-12-16
2449,98,Cash,Completed,2024-04-07
2450,1078,Cash,Completed,2024-04-06
2451,2047,Cash,Completed,2024-10-15
2452,1257,Cash,Completed,2024-07-02
2453,1265,Cash,Completed,2024-09-14
2454,43,Cash,Completed,2024-06-27
2455,2324,Bank Transfer,Completed,2025-02-03
2456,2475,PayPal,Completed,2024-04-06
2457,2222,PayPal,Pending,2024-10-11
2458,1275,Bank Transfer,Completed,2024-12-04
2459,136,Credit Card,Completed,2024-10-18
2460,296,Cash,Pending,2024-09-16
2461,1149,Credit Card,Pending,2025-03-08
2462,1563,Credit Card,Completed,2024-08-24
2463,1709,PayPal,Pending,2024-12-11
2464,1327,Bank Transfer,Completed,2025-02-13
2465,232,PayPal,Completed,2024-09-17
2466,1401,Bank Transfer,Completed,2024-05-13
2467,1091,Bank Transfer,Completed,2024-09-21
2468,1543,PayPal,Completed,2024-05-27
2469,1483,PayPal,Completed,2024-09-10
2470,2334,Credit Card,Pending,2024-08-05
2471,1662,Credit Card,Pending,2024-11-09
2472,564,Credit Card,Completed,2024-08-03
2473,1107,Cash,Completed,2025-02-14
2474,2232,Credit Card,Failed,2025-03-05
2475,2354,Credit Card,Completed,2024-05-17
2476,639,Cash,Completed,2025-02-06
2477,1584,Cash,Completed,2024-04-30
2478,2219,Cash,Completed,2025-02-25
2479,1659,PayPal,Failed,2024-07-20
2480,369,Bank Transfer,Completed,2024-04-09
2481,232,Credit Card,Completed,2024-11-28
2482,1225,Bank Transfer,Completed,2025-01-01
2483,1881,Cash,Failed,2025-02-21
2484,1268,Cash,Completed,2024-06-12
2485,230,Cash,Completed,2024-11-17
2486,941,Credit Card,Completed,2024-05-24
2487,15,PayPal,Completed,2025-01-24
2488,2131,Bank Transfer,Failed,2024-04-24
2489,1560,Bank Transfer,Completed,2024-03-30
2490,1060,Bank Transfer,Completed,2024-10-14
2491,1302,Bank Transfer,Completed,2024-03-24
2492,2057,Credit Card,Completed,2025-01-01
2493,1857,Cash,Completed,2024-12-19
2494,613,Bank Transfer,Failed,2024-11-24
2495,943,Bank Transfer,Completed,2024-05-25
2496,2224,Cash,Pending,2024-11-17
2497,1427,Cash,Completed,2024-08-01
2498,737,Bank Transfer,Completed,2024-12-02
2499,21,Cash,Completed,2024-08-20
2500,890,PayPal,Completed,2024-12-08
